pcode,name,city,population,score,rank_ncr,pct_area_mh_25,est_pop_exposed_25,lat,lon,grid_id
PH1380100001,Barangay 1,Caloocan,2319,0.0,1547,0.0,0,14.658944,120.973222,g0601
PH1380100002,Barangay 2,Caloocan,5156,7.9,1109,0.154416,796,14.660775,120.972121,g0601
PH1380100003,Barangay 3,Caloocan,2497,0.1,1534,0.002481,6,14.65885,120.971924,g0601
PH1380100004,Barangay 4,Caloocan,2875,6.5,1164,0.160137,460,14.659085,120.969598,g0601
PH1380100005,Barangay 5,Caloocan,3083,0.0,1547,0.000272,1,14.6565,120.972743,g0601
PH1380100006,Barangay 6,Caloocan,1190,0.3,1511,0.007241,9,14.657401,120.970579,g0601
PH1380100007,Barangay 7,Caloocan,2608,0.0,1547,0.0,0,14.65593,120.97045,g0601
PH1380100008,Barangay 8,Caloocan,23399,21.5,703,0.335076,7840,14.657199,120.965437,g0601
PH1380100009,Barangay 9,Caloocan,1866,0.9,1457,0.023462,44,14.653519,120.973519,g0601
PH1380100010,Barangay 10,Caloocan,1485,0.0,1547,0.0,0,14.654337,120.971449,g0601
PH1380100011,Barangay 11,Caloocan,1230,2.5,1363,0.064418,79,14.653771,120.970631,g0601
PH1380100012,Barangay 12,Caloocan,34309,14.7,872,0.1912,6560,14.653538,120.966427,g0601
PH1380100013,Barangay 13,Caloocan,1074,0.0,1547,0.0,0,14.652185,120.972418,g0601
PH1380100014,Barangay 14,Caloocan,21906,6.7,1157,0.107855,2363,14.648643,120.966152,g0601
PH1380100015,Barangay 15,Caloocan,1424,0.5,1491,0.012435,18,14.649924,120.973584,g0601
PH1380100016,Barangay 16,Caloocan,3550,14.9,866,0.363473,1290,14.65033,120.970026,g0601
PH1380100017,Barangay 17,Caloocan,3419,9.5,1048,0.231306,791,14.648875,120.974655,g0601
PH1380100018,Barangay 18,Caloocan,10932,22.4,683,0.451192,4932,14.648916,120.970706,g0601
PH1380100019,Barangay 19,Caloocan,3655,16.4,835,0.398168,1455,14.646766,120.974856,g0601
PH1380100020,Barangay 20,Caloocan,7892,16.0,847,0.319685,2523,14.647146,120.971052,g0601
PH1380100021,Barangay 21,Caloocan,2787,8.2,1084,0.204482,570,14.644609,120.975473,g0602
PH1380100022,Barangay 22,Caloocan,5653,3.0,1342,0.068963,390,14.645522,120.971384,g0601
PH1380100023,Barangay 23,Caloocan,2736,0.0,1547,0.0,0,14.643387,120.974518,g0601
PH1380100024,Barangay 24,Caloocan,2498,11.5,989,0.287012,717,14.643365,120.973043,g0601
PH1380100025,Barangay 25,Caloocan,1611,3.6,1310,0.093844,151,14.642109,120.976156,g0602
PH1380100026,Barangay 26,Caloocan,3734,5.9,1196,0.142083,531,14.641272,120.974719,g0601
PH1380100027,Barangay 27,Caloocan,4121,40.4,79,0.937428,3863,14.641492,120.972961,g0601
PH1380100028,Barangay 28,Caloocan,33091,37.6,303,0.48295,15981,14.64299,120.967368,g0601
PH1380100029,Barangay 29,Caloocan,1603,23.6,655,0.606161,972,14.640361,120.976435,g0602
PH1380100030,Barangay 30,Caloocan,3498,33.2,472,0.778892,2725,14.639094,120.974467,g0601
PH1380100031,Barangay 31,Caloocan,3666,40.1,87,0.942577,3455,14.640397,120.971101,g0601
PH1380100032,Barangay 32,Caloocan,2864,31.6,505,0.752877,2156,14.63861,120.976328,g0602
PH1380100033,Barangay 33,Caloocan,5464,41.9,55,0.967151,5285,14.636475,120.975628,g0602
PH1380100034,Barangay 34,Caloocan,6445,42.7,47,0.959549,6184,14.636717,120.973244,g0601
PH1380100035,Barangay 35,Caloocan,23173,41.0,65,0.604562,14010,14.63828,120.969942,g0601
PH1380100036,Barangay 36,Caloocan,4115,18.0,779,0.430635,1772,14.636291,120.978211,g0602
PH1380100037,Barangay 37,Caloocan,2845,13.9,900,0.344269,979,14.638285,120.977967,g0602
PH1380100038,Barangay 38,Caloocan,3854,0.0,1547,0.0,0,14.63965,120.978895,g0602
PH1380100039,Barangay 39,Caloocan,891,4.1,1278,0.108713,97,14.637504,120.982517,g0602
PH1380100040,Barangay 40,Caloocan,963,0.0,1547,0.0,0,14.638617,120.982189,g0602
PH1380100041,Barangay 41,Caloocan,903,0.0,1547,0.0,0,14.639676,120.98232,g0602
PH1380100042,Barangay 42,Caloocan,715,0.0,1547,0.0,0,14.63973,120.980506,g0602
PH1380100043,Barangay 43,Caloocan,3521,20.7,725,0.504894,1778,14.640991,120.978006,g0602
PH1380100044,Barangay 44,Caloocan,529,1.8,1399,0.04748,25,14.64114,120.980172,g0602
PH1380100045,Barangay 45,Caloocan,311,0.2,1519,0.005911,2,14.641067,120.982358,g0602
PH1380100046,Barangay 46,Caloocan,1454,17.2,807,0.445657,648,14.642554,120.977886,g0602
PH1380100047,Barangay 47,Caloocan,559,0.0,1547,6e-06,0,14.642524,120.980222,g0602
PH1380100048,Barangay 48,Caloocan,606,0.4,1502,0.010587,6,14.642455,120.982403,g0602
PH1380100049,Barangay 49,Caloocan,4095,27.3,577,0.653809,2677,14.644596,120.977153,g0602
PH1380100050,Barangay 50,Caloocan,1005,3.5,1316,0.091484,92,14.643979,120.97896,g0602
PH1380100051,Barangay 51,Caloocan,765,0.0,1547,0.0,0,14.643858,120.981706,g0602
PH1380100052,Barangay 52,Caloocan,1279,6.2,1178,0.161009,206,14.646685,120.976819,g0602
PH1380100053,Barangay 53,Caloocan,876,3.5,1316,0.091786,80,14.646072,120.978532,g0602
PH1380100054,Barangay 54,Caloocan,572,0.0,1547,0.0,0,14.646645,120.981502,g0602
PH1380100055,Barangay 55,Caloocan,1442,0.0,1547,0.0,0,14.64524,120.981409,g0602
PH1380100056,Barangay 56,Caloocan,2464,14.0,897,0.350071,863,14.64822,120.976743,g0602
PH1380100057,Barangay 57,Caloocan,756,2.3,1377,0.061209,46,14.648147,120.97933,g0602
PH1380100058,Barangay 58,Caloocan,493,0.0,1547,0.0,0,14.648053,120.982234,g0602
PH1380100059,Barangay 59,Caloocan,3808,12.3,955,0.296363,1129,14.649609,120.976647,g0602
PH1380100060,Barangay 60,Caloocan,1792,0.7,1479,0.018607,33,14.650278,120.978678,g0602
PH1380100061,Barangay 61,Caloocan,996,0.8,1468,0.019761,20,14.649476,120.981554,g0602
PH1380100062,Barangay 62,Caloocan,244,0.5,1491,0.012097,3,14.650875,120.981615,g0602
PH1380100063,Barangay 63,Caloocan,2988,15.8,853,0.389786,1165,14.650976,120.976549,g0602
PH1380100064,Barangay 64,Caloocan,1550,1.2,1435,0.030721,48,14.652341,120.975411,g0602
PH1380100065,Barangay 65,Caloocan,1300,4.6,1253,0.120025,156,14.652557,120.976642,g0602
PH1380100066,Barangay 66,Caloocan,2206,21.5,703,0.544534,1201,14.652482,120.978241,g0602
PH1380100067,Barangay 67,Caloocan,2320,2.5,1363,0.062506,145,14.65255,120.980643,g0602
PH1380100068,Barangay 68,Caloocan,1106,0.0,1547,0.0,0,14.652632,120.98283,g0602
PH1380100069,Barangay 69,Caloocan,3173,4.1,1278,0.101846,323,14.654233,120.97791,g0602
PH1380100070,Barangay 70,Caloocan,4411,5.4,1213,0.129105,569,14.654544,120.979422,g0602
PH1380100071,Barangay 71,Caloocan,777,2.5,1363,0.065046,51,14.654344,120.982399,g0602
PH1380100072,Barangay 72,Caloocan,46,7.0,1143,0.189471,9,14.655463,120.981955,g0602
PH1380100073,Barangay 73,Caloocan,17649,0.5,1491,0.008723,154,14.655572,120.975624,g0602
PH1380100074,Barangay 74,Caloocan,3864,0.6,1484,0.015146,59,14.656379,120.978482,g0602
PH1380100075,Barangay 75,Caloocan,2207,7.3,1131,0.183978,406,14.655905,120.980626,g0602
PH1380100076,Barangay 76,Caloocan,2,2.8,1349,0.074772,0,14.656565,120.983137,g0602
PH1380100077,Barangay 77,Caloocan,822,1.5,1416,0.039678,33,14.657952,120.981017,g0602
PH1380100078,Barangay 78,Caloocan,1818,3.3,1325,0.083414,152,14.658901,120.983295,g0602
PH1380100079,Barangay 79,Caloocan,631,0.0,1547,0.0,0,14.660045,120.981045,g0602
PH1380100080,Barangay 80,Caloocan,1904,1.8,1399,0.044716,85,14.65964,120.976661,g0602
PH1380100081,Barangay 81,Caloocan,1894,0.2,1519,0.005901,11,14.65914,120.984742,g0602
PH1380100082,Barangay 82,Caloocan,1758,7.9,1109,0.202097,355,14.662642,120.989356,g0602
PH1380100083,Barangay 83,Caloocan,1251,1.5,1416,0.039332,49,14.659531,120.988618,g0602
PH1380100084,Barangay 84,Caloocan,1257,0.0,1547,0.000583,1,14.659643,120.986848,g0602
PH1380100085,Barangay 85,Caloocan,989,0.4,1502,0.00998,10,14.659089,120.989634,g0602
PH1380100086,Barangay 86,Caloocan,1109,0.7,1479,0.017543,19,14.656452,120.986271,g0602
PH1380100087,Barangay 87,Caloocan,1385,0.0,1547,0.0,0,14.656424,120.990469,g0602
PH1380100088,Barangay 88,Caloocan,2202,4.0,1287,0.1011,223,14.65493,120.985744,g0602
PH1380100089,Barangay 89,Caloocan,1057,1.4,1423,0.037595,40,14.654207,120.989352,g0602
PH1380100090,Barangay 90,Caloocan,1518,0.0,1547,0.0,0,14.653518,120.986424,g0602
PH1380100091,Barangay 91,Caloocan,610,2.1,1387,0.056614,35,14.652139,120.986382,g0602
PH1380100092,Barangay 92,Caloocan,620,2.0,1393,0.051778,32,14.653788,120.991295,g0602
PH1380100093,Barangay 93,Caloocan,3267,6.0,1190,0.147511,482,14.652,120.990714,g0602
PH1380100094,Barangay 94,Caloocan,776,0.0,1547,0.0,0,14.656391,120.993927,g0602
PH1380100095,Barangay 95,Caloocan,2242,0.1,1534,0.003398,8,14.656467,120.996868,g0602
PH1380100096,Barangay 96,Caloocan,1366,0.3,1511,0.007423,10,14.654711,120.993378,g0602
PH1380100097,Barangay 97,Caloocan,1537,0.0,1547,0.0,0,14.652471,120.993151,g0602
PH1380100098,Barangay 98,Caloocan,1761,0.0,1547,0.0,0,14.652283,120.994325,g0602
PH1380100099,Barangay 99,Caloocan,677,0.1,1534,0.003519,2,14.65479,120.997317,g0602
PH1380100100,Barangay 100,Caloocan,983,0.0,1547,0.0,0,14.653757,120.995763,g0602
PH1380100101,Barangay 101,Caloocan,2517,0.3,1511,0.008232,21,14.65052,120.993288,g0602
PH1380100102,Barangay 102,Caloocan,1033,0.0,1547,0.0,0,14.649696,120.994198,g0602
PH1380100103,Barangay 103,Caloocan,175,1.0,1449,0.026891,5,14.649205,120.990253,g0602
PH1380100104,Barangay 104,Caloocan,899,1.4,1423,0.035877,32,14.649244,120.988824,g0602
PH1380100105,Barangay 105,Caloocan,2216,0.0,1547,0.0,0,14.648186,120.993291,g0602
PH1380100106,Barangay 106,Caloocan,358,0.1,1534,0.001997,1,14.650093,120.98451,g0602
PH1380100107,Barangay 107,Caloocan,709,7.6,1120,0.200671,142,14.650054,120.985974,g0602
PH1380100108,Barangay 108,Caloocan,668,19.9,745,0.527111,352,14.649998,120.987413,g0602
PH1380100109,Barangay 109,Caloocan,743,10.5,1020,0.244859,182,14.647948,120.985877,g0602
PH1380100110,Barangay 110,Caloocan,435,0.9,1457,0.022762,10,14.646534,120.984372,g0602
PH1380100111,Barangay 111,Caloocan,1472,20.4,733,0.527209,776,14.646535,120.985855,g0602
PH1380100112,Barangay 112,Caloocan,1133,0.0,1547,0.0,0,14.646485,120.987292,g0602
PH1380100113,Barangay 113,Caloocan,228,0.1,1534,0.001993,0,14.645067,120.984363,g0602
PH1380100114,Barangay 114,Caloocan,988,32.8,478,0.859578,849,14.6451,120.985448,g0602
PH1380100115,Barangay 115,Caloocan,1051,5.2,1223,0.135753,143,14.645074,120.986165,g0602
PH1380100116,Barangay 116,Caloocan,1018,1.3,1431,0.03519,36,14.645035,120.987251,g0602
PH1380100117,Barangay 117,Caloocan,1751,3.5,1316,0.089134,156,14.643717,120.984676,g0602
PH1380100118,Barangay 118,Caloocan,5836,4.4,1263,0.100599,587,14.642192,120.987771,g0602
PH1380100119,Barangay 119,Caloocan,857,0.0,1547,0.0,0,14.642394,120.984451,g0602
PH1380100120,Barangay 120,Caloocan,8269,16.7,825,0.35804,2961,14.639753,120.984402,g0602
PH1380100121,Barangay 121,Caloocan,271,0.0,1547,0.0,0,14.646414,120.989443,g0602
PH1380100122,Barangay 122,Caloocan,2249,0.0,1547,0.0,0,14.646197,120.992244,g0602
PH1380100123,Barangay 123,Caloocan,710,0.0,1547,0.0,0,14.644975,120.988685,g0602
PH1380100124,Barangay 124,Caloocan,387,0.0,1547,0.0,0,14.644899,120.990122,g0602
PH1380100125,Barangay 125,Caloocan,1293,1.0,1449,0.027083,35,14.644662,120.991775,g0602
PH1380100126,Barangay 126,Caloocan,1194,1.6,1413,0.042043,50,14.643031,120.991441,g0602
PH1380100127,Barangay 127,Caloocan,2380,0.8,1468,0.019118,46,14.641402,120.990674,g0602
PH1380100128,Barangay 128,Caloocan,2050,6.8,1152,0.1724,353,14.63972,120.990299,g0602
PH1380100129,Barangay 129,Caloocan,1558,2.8,1349,0.073034,114,14.638727,120.989712,g0602
PH1380100130,Barangay 130,Caloocan,2527,0.0,1547,0.0,0,14.63782,120.989438,g0602
PH1380100131,Barangay 131,Caloocan,2187,3.2,1331,0.079966,175,14.637437,120.991888,g0602
PH1380100132,Barangay 132,Caloocan,7961,5.2,1223,0.113101,900,14.663254,120.990865,g0602
PH1380100133,Barangay 133,Caloocan,5587,0.8,1468,0.017675,99,14.662758,120.992424,g0602
PH1380100134,Barangay 134,Caloocan,982,0.3,1511,0.00819,8,14.659529,120.99091,g0602
PH1380100135,Barangay 135,Caloocan,627,0.0,1547,0.0,0,14.659557,120.992445,g0602
PH1380100136,Barangay 136,Caloocan,399,0.0,1547,0.0,0,14.658435,120.994767,g0602
PH1380100137,Barangay 137,Caloocan,934,0.0,1547,0.0,0,14.66077,120.994732,g0602
PH1380100138,Barangay 138,Caloocan,1429,1.7,1405,0.044832,64,14.659618,120.997048,g0602
PH1380100139,Barangay 139,Caloocan,3505,3.2,1331,0.077727,272,14.65969,120.998804,g0602
PH1380100140,Barangay 140,Caloocan,797,0.0,1547,0.0,0,14.662836,120.995447,g0602
PH1380100141,Barangay 141,Caloocan,3253,7.9,1109,0.194772,634,14.66282,120.998436,g0602
PH1380100142,Barangay 142,Caloocan,3889,0.0,1547,0.0,0,14.664688,120.992551,g0602
PH1380100143,Barangay 143,Caloocan,3434,0.0,1547,0.0,0,14.663395,120.993414,g0602
PH1380100144,Barangay 144,Caloocan,4533,0.0,1547,0.0,0,14.664038,120.994429,g0602
PH1380100145,Barangay 145,Caloocan,4705,0.0,1547,0.0,0,14.665733,120.993963,g0602
PH1380100146,Barangay 146,Caloocan,3180,0.0,1547,0.0,0,14.664835,120.995819,g0602
PH1380100147,Barangay 147,Caloocan,3687,1.9,1397,0.046005,170,14.664328,120.9975,g0602
PH1380100148,Barangay 148,Caloocan,3704,0.0,1547,0.0,0,14.665998,120.995464,g0602
PH1380100149,Barangay 149,Caloocan,5255,0.0,1547,0.0,0,14.667434,120.995856,g0602
PH1380100150,Barangay 150,Caloocan,4439,0.0,1547,0.0,0,14.666367,120.99725,g0602
PH1380100151,Barangay 151,Caloocan,5177,29.3,545,0.682074,3531,14.664655,120.999266,g0602
PH1380100152,Barangay 152,Caloocan,4236,0.0,1547,0.0,0,14.668344,120.997769,g0602
PH1380100153,Barangay 153,Caloocan,3706,2.5,1363,0.06073,225,14.667217,120.998723,g0602
PH1380100154,Barangay 154,Caloocan,3958,2.1,1387,0.051003,202,14.666031,120.999706,g0602
PH1380100155,Barangay 155,Caloocan,3613,1.0,1449,0.023794,86,14.668521,120.999627,g0602
PH1380100156,Barangay 156,Caloocan,6236,0.1,1534,0.001955,12,14.666402,121.001189,g0602
PH1380100157,Barangay 157,Caloocan,3151,0.5,1491,0.01216,38,14.668389,121.001153,g0602
PH1380100158,Barangay 158,Caloocan,2003,4.4,1263,0.110866,222,14.671361,121.003464,g0602
PH1380100159,Barangay 159,Caloocan,5477,1.0,1449,0.023324,128,14.674786,121.006671,g0602
PH1380100160,Barangay 160,Caloocan,16828,13.7,906,0.221536,3728,14.679949,121.003179,g0702
PH1380100161,Barangay 161,Caloocan,9718,10.6,1019,0.220435,2142,14.675725,121.000177,g0702
PH1380100162,Barangay 162,Caloocan,16103,9.0,1056,0.161429,2599,14.682864,121.006038,g0702
PH1380100163,Barangay 163,Caloocan,14491,4.2,1270,0.078052,1131,14.68078,121.012729,g0702
PH1380100164,Barangay 164,Caloocan,19471,16.1,843,0.270068,5258,14.688651,121.017779,g0702
PH1380100165,Barangay 165,Caloocan,26622,7.9,1109,0.099021,2636,14.718487,121.004566,g0702
PH1380100166,Barangay 166,Caloocan,20985,5.0,1234,0.082064,1722,14.719538,121.012289,g0702
PH1380100167,Barangay 167,Caloocan,57041,21.6,700,0.18593,10606,14.732131,121.013063,g0802
PH1380100168,Barangay 168,Caloocan,35729,8.2,1084,0.104166,3722,14.74056,121.021554,g0802
PH1380100169,Barangay 169,Caloocan,4887,8.4,1075,0.196437,960,14.733088,121.023357,g0802
PH1380100170,Barangay 170,Caloocan,12901,5.0,1234,0.095924,1238,14.73724,121.03353,g0803
PH1380100171,Barangay 171,Caloocan,111713,23.6,655,0.134766,15055,14.754581,121.02098,g0802
PH1380100172,Barangay 172,Caloocan,22829,12.8,935,0.182804,4173,14.747069,121.040686,g0803
PH1380100173,Barangay 173,Caloocan,15165,9.6,1044,0.175372,2660,14.753748,121.034771,g0803
PH1380100174,Barangay 174,Caloocan,25000,5.3,1218,0.08085,2021,14.761018,121.049267,g0803
PH1380100175,Barangay 175,Caloocan,71726,19.7,751,0.164619,11807,14.765691,121.038405,g0803
PH1380100176,Barangay 176,Caloocan,261729,38.1,242,0.112184,29362,14.776362,121.045984,g0903
PH1380100177,Barangay 177,Caloocan,84159,16.6,832,0.105521,8881,14.747994,121.053988,g0803
PH1380100178,Barangay 178,Caloocan,110224,16.7,825,0.101609,11200,14.756517,121.060742,g0803
PH1380100179,Barangay 179,Caloocan,46828,7.6,1120,0.083187,3895,14.750237,121.074178,g0803
PH1380100180,Barangay 180,Caloocan,18802,3.2,1331,0.054571,1026,14.76194,121.076198,g0804
PH1380100181,Barangay 181,Caloocan,22269,3.7,1307,0.058242,1297,14.767751,121.088527,g0804
PH1380100182,Barangay 182,Caloocan,9269,2.5,1363,0.051716,479,14.763224,121.093812,g0804
PH1380100183,Barangay 183,Caloocan,7354,2.3,1377,0.051174,376,14.757781,121.083531,g0804
PH1380100184,Barangay 184,Caloocan,2919,2.7,1356,0.066804,195,14.766478,121.083094,g0804
PH1380100185,Barangay 185,Caloocan,27169,8.1,1096,0.10062,2734,14.769959,121.076896,g0804
PH1380100186,Barangay 186,Caloocan,25346,5.5,1209,0.083722,2122,14.768092,121.070225,g0803
PH1380100187,Barangay 187,Caloocan,25046,7.0,1143,0.10668,2672,14.764999,121.060507,g0803
PH1380100188,Barangay 188,Caloocan,32543,8.3,1081,0.111751,3637,14.770814,121.062623,g0803
PH1380200001,Almanza Uno,Las Piñas,36232,9.1,1055,0.115603,4189,14.430641,121.013473,g0202
PH1380200002,Daniel Fajardo,Las Piñas,10629,9.7,1043,0.171332,1821,14.481472,120.980556,g0302
PH1380200003,Elias Aldana,Las Piñas,10275,13.3,918,0.221955,2281,14.477585,120.976465,g0302
PH1380200004,Ilaya,Las Piñas,7103,8.9,1060,0.168422,1196,14.479459,120.979506,g0302
PH1380200005,Manuyo Uno,Las Piñas,14794,18.0,779,0.332302,4916,14.481486,120.985164,g0302
PH1380200006,Pamplona Uno,Las Piñas,19085,26.8,591,0.390324,7449,14.458154,120.971773,g0201
PH1380200007,Pulang Lupa Uno,Las Piñas,38405,54.8,23,0.612374,23518,14.471733,120.977185,g0202
PH1380200008,Talon Uno,Las Piñas,42505,11.6,986,0.134778,5729,14.428801,121.001075,g0202
PH1380200009,Zapote,Las Piñas,20851,48.2,31,0.688079,14347,14.465581,120.972608,g0201
PH1380200010,Almanza Dos,Las Piñas,37432,7.9,1109,0.0836,3129,14.406648,121.00937,g0102
PH1380200011,B. F. International Village,Las Piñas,81739,12.9,932,0.088571,7240,14.451765,121.003986,g0202
PH1380200012,Manuyo Dos,Las Piñas,44351,14.3,885,0.162325,7199,14.46956,120.994071,g0202
PH1380200013,Pamplona Dos,Las Piñas,9141,17.6,792,0.369535,3378,14.447649,120.976221,g0202
PH1380200014,Pamplona Tres,Las Piñas,35098,17.7,789,0.196232,6887,14.454008,120.983965,g0202
PH1380200015,Pilar,Las Piñas,29780,5.8,1199,0.081612,2430,14.419549,121.00704,g0102
PH1380200016,Pulang Lupa Dos,Las Piñas,32485,26.6,596,0.340041,11046,14.462573,120.987367,g0202
PH1380200017,Talon Dos,Las Piñas,43978,17.0,815,0.165722,7288,14.437159,120.987638,g0202
PH1380200018,Talon Tres,Las Piñas,32963,15.1,863,0.201019,6626,14.444326,121.003009,g0202
PH1380200019,Talon Kuatro,Las Piñas,20763,12.3,955,0.202027,4195,14.435084,120.999832,g0202
PH1380200020,Talon Singko,Las Piñas,38684,13.1,922,0.144827,5602,14.423661,120.997017,g0102
PH1380300001,Bangkal,Makati,17576,25.9,603,0.365947,6432,14.543842,121.013591,g0402
PH1380300002,Bel-Air,Makati,36007,8.6,1069,0.093583,3370,14.560649,121.027336,g0403
PH1380300005,Carmona,Makati,2745,17.0,815,0.361864,993,14.575387,121.018636,g0502
PH1380300006,Dasmariñas,Makati,4160,3.6,1310,0.086826,361,14.540416,121.027818,g0403
PH1380300008,Forbes Park,Makati,3715,3.6,1310,0.087014,323,14.54684,121.038061,g0403
PH1380300009,Guadalupe Nuevo,Makati,20533,5.0,1234,0.062628,1286,14.561895,121.046073,g0403
PH1380300010,Guadalupe Viejo,Makati,12900,13.9,900,0.244297,3151,14.565093,121.041677,g0403
PH1380300011,Kasilawan,Makati,4827,42.2,51,0.991135,4784,14.57676,121.015107,g0502
PH1380300012,La Paz,Makati,6346,9.5,1048,0.185882,1180,14.568318,121.009073,g0402
PH1380300013,Magallanes,Makati,5267,10.7,1014,0.247941,1306,14.534957,121.018078,g0402
PH1380300014,Olympia,Makati,18654,17.2,807,0.272666,5086,14.571682,121.020363,g0402
PH1380300015,Palanan,Makati,11623,27.0,582,0.510802,5937,14.559864,121.00273,g0402
PH1380300017,Pinagkaisahan,Makati,4710,13.7,906,0.32198,1517,14.557514,121.040235,g0403
PH1380300018,Pio Del Pilar,Makati,50722,39.5,117,0.400797,20329,14.553569,121.011737,g0402
PH1380300020,Poblacion,Makati,16706,6.3,1173,0.112563,1880,14.566859,121.030635,g0403
PH1380300023,San Antonio,Makati,17494,11.9,974,0.16442,2876,14.563258,121.009482,g0402
PH1380300024,San Isidro,Makati,6098,27.2,581,0.561282,3423,14.553896,121.005498,g0402
PH1380300025,San Lorenzo,Makati,14054,9.4,1050,0.153464,2157,14.551421,121.020513,g0402
PH1380300026,Santa Cruz,Makati,6333,1.7,1405,0.037981,241,14.566405,121.017642,g0402
PH1380300027,Singkamas,Makati,7218,1.7,1405,0.037813,273,14.572139,121.010822,g0402
PH1380300029,Tejeros,Makati,15122,14.0,897,0.234919,3552,14.571825,121.013715,g0402
PH1380300030,Urdaneta,Makati,4563,15.5,859,0.336734,1537,14.555737,121.029421,g0403
PH1380300031,Valenzuela,Makati,5370,6.4,1167,0.147262,791,14.570159,121.023755,g0402
PH1380400001,Acacia,Malabon,4959,0.8,1468,0.017745,88,14.668203,120.970105,g0601
PH1380400002,Baritan,Malabon,12148,24.5,638,0.455021,5528,14.671847,120.946891,g0601
PH1380400003,Bayan-bayanan,Malabon,6705,14.1,894,0.313971,2105,14.675579,120.945651,g0701
PH1380400004,Catmon,Malabon,44868,60.8,14,0.671127,30112,14.669453,120.959913,g0601
PH1380400005,Concepcion,Malabon,12704,30.0,536,0.531839,6756,14.668312,120.949658,g0601
PH1380400006,Dampalit,Malabon,13514,21.2,709,0.403059,5447,14.690918,120.9367,g0701
PH1380400007,Flores,Malabon,3830,4.1,1278,0.099016,379,14.674624,120.942803,g0601
PH1380400008,Hulong Duhat,Malabon,11892,17.4,802,0.342583,4074,14.680096,120.940956,g0701
PH1380400009,Ibaba,Malabon,8041,38.6,185,0.754058,6063,14.664432,120.950258,g0601
PH1380400010,Longos,Malabon,55424,31.8,503,0.265547,14718,14.653694,120.959932,g0601
PH1380400011,Maysilo,Malabon,10445,36.9,356,0.751148,7846,14.678312,120.959975,g0701
PH1380400012,Muzon,Malabon,5908,37.7,293,0.831783,4914,14.675093,120.950096,g0701
PH1380400013,Niugan,Malabon,7192,42.0,53,0.898654,6463,14.666024,120.95541,g0601
PH1380400014,Panghulo,Malabon,17746,44.9,38,0.694433,12323,14.685149,120.952309,g0701
PH1380400015,Potrero,Malabon,42311,23.0,672,0.267308,11310,14.668086,120.983631,g0602
PH1380400016,San Agustin,Malabon,10804,32.6,484,0.609443,6584,14.66096,120.952042,g0601
PH1380400017,Santolan,Malabon,13461,17.6,792,0.33389,4494,14.689615,120.957707,g0701
PH1380400018,Tañong,Malabon,14461,35.6,409,0.616674,8918,14.655881,120.953068,g0601
PH1380400019,Tinajeros,Malabon,18411,43.5,41,0.683587,12586,14.673368,120.968035,g0601
PH1380400020,Tonsuya,Malabon,40172,58.2,16,0.682898,27433,14.662129,120.961099,g0601
PH1380400021,Tugatog,Malabon,25526,12.2,964,0.146649,3743,14.663815,120.969044,g0601
PH1380500001,Addition Hills,Mandaluyong,108896,16.0,847,0.090713,9878,14.586692,121.038587,g0503
PH1380500002,Bagong Silang,Mandaluyong,4939,18.0,779,0.420555,2077,14.591792,121.03132,g0503
PH1380500003,Barangka Drive,Mandaluyong,15474,1.4,1423,0.024926,386,14.572331,121.037732,g0403
PH1380500004,Barangka Ibaba,Mandaluyong,9040,3.1,1338,0.064691,585,14.569984,121.038867,g0403
PH1380500005,Barangka Ilaya,Mandaluyong,22334,5.6,1206,0.089534,2000,14.571518,121.047461,g0403
PH1380500006,Barangka Itaas,Mandaluyong,11242,4.7,1248,0.09454,1063,14.570999,121.041988,g0403
PH1380500007,Burol,Mandaluyong,2650,0.0,1547,0.0,0,14.589631,121.027479,g0503
PH1380500008,Buayang Bato,Mandaluyong,2913,11.2,1000,0.277582,809,14.570279,121.051158,g0403
PH1380500009,Daang Bakal,Mandaluyong,4529,26.3,600,0.592682,2684,14.593472,121.027943,g0503
PH1380500010,Hagdang Bato Itaas,Mandaluyong,10267,0.1,1534,0.0024,25,14.588356,121.030819,g0503
PH1380500011,Hagdang Bato Libis,Mandaluyong,6715,12.1,967,0.27089,1819,14.588886,121.034259,g0503
PH1380500012,Harapin Ang Bukas,Mandaluyong,4244,0.4,1502,0.010462,44,14.590897,121.027779,g0503
PH1380500013,Highway Hills,Mandaluyong,43267,3.9,1292,0.045045,1949,14.578647,121.050958,g0503
PH1380500014,Hulo,Mandaluyong,31335,20.0,742,0.255984,8021,14.57138,121.031392,g0403
PH1380500015,Mabini-J. Rizal,Mandaluyong,7882,38.5,194,0.807573,6365,14.585028,121.022032,g0502
PH1380500016,Malamig,Mandaluyong,12054,1.1,1440,0.021837,263,14.575276,121.044336,g0503
PH1380500017,Mauway,Mandaluyong,25800,3.9,1292,0.05895,1521,14.581427,121.04303,g0503
PH1380500018,Namayan,Mandaluyong,7670,25.4,614,0.49993,3834,14.58027,121.02136,g0502
PH1380500019,New Zañiga,Mandaluyong,8444,4.2,1270,0.090004,760,14.5836,121.028938,g0503
PH1380500020,Old Zañiga,Mandaluyong,6636,20.7,725,0.462951,3072,14.582376,121.025087,g0503
PH1380500021,Pag-asa,Mandaluyong,4195,25.7,608,0.555268,2329,14.589604,121.025061,g0503
PH1380500022,Plainview,Mandaluyong,29378,21.9,693,0.274229,8056,14.576766,121.034002,g0503
PH1380500023,Pleasant Hills,Mandaluyong,6003,1.1,1440,0.026031,156,14.5879,121.04159,g0503
PH1380500024,Poblacion,Mandaluyong,16333,22.1,689,0.350851,5730,14.586566,121.026776,g0503
PH1380500025,San Jose,Mandaluyong,8483,4.7,1248,0.10106,857,14.581498,121.029804,g0503
PH1380500026,Vergara,Mandaluyong,4357,8.2,1084,0.193849,845,14.576967,121.024605,g0502
PH1380500027,Wack-wack Greenhills,Mandaluyong,10678,6.4,1167,0.129934,1387,14.591087,121.053376,g0503
PH1380601001,Barangay 1,Manila,2995,2.2,1382,0.055077,165,14.604228,120.966903,g0501
PH1380601002,Barangay 2,Manila,1887,1.6,1413,0.042046,79,14.605329,120.967283,g0501
PH1380601003,Barangay 3,Manila,1341,12.8,935,0.333069,447,14.60572,120.968163,g0501
PH1380601004,Barangay 4,Manila,1691,3.7,1307,0.095862,162,14.607471,120.96722,g0501
PH1380601005,Barangay 5,Manila,1288,7.1,1140,0.185393,239,14.608207,120.966422,g0501
PH1380601006,Barangay 6,Manila,771,28.3,560,0.712807,550,14.609108,120.967864,g0501
PH1380601007,Barangay 7,Manila,1560,11.3,998,0.291543,455,14.606488,120.969063,g0501
PH1380601008,Barangay 8,Manila,147,15.5,859,0.416679,61,14.608745,120.970077,g0501
PH1380601009,Barangay 9,Manila,447,18.9,760,0.502356,225,14.607262,120.969958,g0501
PH1380601010,Barangay 10,Manila,160,34.5,443,0.927734,148,14.606199,120.970395,g0501
PH1380601011,Barangay 11,Manila,2758,0.0,1547,0.001251,3,14.601757,120.965689,g0501
PH1380601012,Barangay 12,Manila,2137,0.0,1547,0.0,0,14.600915,120.965278,g0501
PH1380601013,Barangay 13,Manila,2371,3.9,1292,0.099038,235,14.603094,120.965978,g0501
PH1380601014,Barangay 14,Manila,2070,6.1,1184,0.155262,321,14.602463,120.9666,g0501
PH1380601015,Barangay 15,Manila,1119,0.0,1547,0.0,0,14.602906,120.964879,g0501
PH1380601016,Barangay 16,Manila,1477,0.0,1547,0.000552,1,14.602279,120.96508,g0501
PH1380601017,Barangay 17,Manila,1176,0.0,1547,0.0,0,14.601608,120.963775,g0501
PH1380601018,Barangay 18,Manila,1982,0.0,1547,0.0,0,14.600758,120.963869,g0501
PH1380601019,Barangay 19,Manila,2272,0.0,1547,0.0,0,14.602322,120.96364,g0501
PH1380601020,Barangay 20,Manila,45772,6.8,1152,0.075265,3445,14.600431,120.952289,g0501
PH1380601025,Barangay 25,Manila,2545,0.0,1547,0.0,0,14.60406,120.965476,g0501
PH1380601026,Barangay 26,Manila,2555,0.0,1547,0.0,0,14.605302,120.965124,g0501
PH1380601028,Barangay 28,Manila,2787,1.1,1440,0.026565,74,14.603758,120.963158,g0501
PH1380601029,Barangay 29,Manila,4406,0.0,1547,0.0,0,14.603366,120.960713,g0501
PH1380601030,Barangay 30,Manila,166,0.0,1547,0.0,0,14.603794,120.961077,g0501
PH1380601031,Barangay 31,Manila,2881,0.0,1547,0.0,0,14.604762,120.963978,g0501
PH1380601032,Barangay 32,Manila,2219,0.0,1547,0.0,0,14.603592,120.964236,g0501
PH1380601033,Barangay 33,Manila,4082,0.0,1547,0.0,0,14.606162,120.963544,g0501
PH1380601034,Barangay 34,Manila,1854,0.0,1547,0.0,0,14.60584,120.962797,g0501
PH1380601035,Barangay 35,Manila,2265,0.0,1547,0.0,0,14.606363,120.964742,g0501
PH1380601036,Barangay 36,Manila,2231,0.0,1547,0.0,0,14.607228,120.964448,g0501
PH1380601037,Barangay 37,Manila,2057,7.4,1127,0.188986,389,14.607339,120.962115,g0501
PH1380601038,Barangay 38,Manila,2870,0.0,1547,0.0,0,14.605661,120.962265,g0501
PH1380601039,Barangay 39,Manila,2324,0.1,1534,0.001927,4,14.606044,120.960422,g0501
PH1380601041,Barangay 41,Manila,3825,6.3,1173,0.150899,577,14.608181,120.962708,g0501
PH1380601042,Barangay 42,Manila,2142,3.5,1316,0.087719,188,14.608297,120.96332,g0501
PH1380601043,Barangay 43,Manila,3362,4.4,1263,0.106762,359,14.608698,120.96196,g0501
PH1380601044,Barangay 44,Manila,800,0.4,1502,0.009587,8,14.60852,120.96005,g0501
PH1380601045,Barangay 45,Manila,2264,0.0,1547,0.0,0,14.607906,120.96488,g0501
PH1380601046,Barangay 46,Manila,2088,0.5,1491,0.012234,26,14.608822,120.96387,g0501
PH1380601047,Barangay 47,Manila,1123,1.4,1423,0.037782,42,14.609189,120.965361,g0501
PH1380601048,Barangay 48,Manila,4070,37.8,280,0.905123,3684,14.608397,120.971389,g0501
PH1380601049,Barangay 49,Manila,2119,35.7,406,0.904944,1918,14.607016,120.97094,g0501
PH1380601050,Barangay 50,Manila,4217,33.6,461,0.772644,3258,14.613448,120.972342,g0501
PH1380601051,Barangay 51,Manila,2580,32.8,478,0.81887,2113,14.611091,120.971955,g0501
PH1380601052,Barangay 52,Manila,2732,34.7,432,0.862467,2356,14.614335,120.971426,g0501
PH1380601053,Barangay 53,Manila,2916,33.5,464,0.828561,2416,14.615176,120.972734,g0501
PH1380601054,Barangay 54,Manila,1648,35.7,406,0.916987,1511,14.616648,120.97307,g0501
PH1380601055,Barangay 55,Manila,2492,30.7,520,0.768631,1915,14.616768,120.971608,g0501
PH1380601056,Barangay 56,Manila,3457,34.7,432,0.816749,2824,14.610425,120.970395,g0501
PH1380601057,Barangay 57,Manila,882,18.5,768,0.48633,429,14.61066,120.968743,g0501
PH1380601058,Barangay 58,Manila,3719,35.9,401,0.867943,3228,14.61225,120.970432,g0501
PH1380601059,Barangay 59,Manila,1112,24.5,638,0.608553,677,14.612794,120.969328,g0501
PH1380601060,Barangay 60,Manila,4503,40.3,81,0.955111,4301,14.613535,120.970525,g0501
PH1380601061,Barangay 61,Manila,1022,34.1,451,0.860346,879,14.615393,120.970391,g0501
PH1380601062,Barangay 62,Manila,1967,23.6,655,0.600362,1181,14.611343,120.967319,g0501
PH1380601063,Barangay 63,Manila,1448,28.8,552,0.745296,1079,14.612031,120.96802,g0501
PH1380601064,Barangay 64,Manila,495,22.8,675,0.606314,300,14.610309,120.967271,g0501
PH1380601065,Barangay 65,Manila,1631,24.9,628,0.640264,1044,14.613318,120.96846,g0501
PH1380601066,Barangay 66,Manila,2956,2.9,1345,0.070592,209,14.61355,120.964586,g0501
PH1380601067,Barangay 67,Manila,4083,3.3,1325,0.078457,320,14.614331,120.965107,g0501
PH1380601068,Barangay 68,Manila,1115,0.9,1457,0.02346,26,14.612977,120.965138,g0501
PH1380601069,Barangay 69,Manila,1968,0.0,1547,0.0,0,14.610482,120.96482,g0501
PH1380601070,Barangay 70,Manila,2344,0.0,1547,0.0,0,14.611641,120.964978,g0501
PH1380601071,Barangay 71,Manila,3417,4.0,1287,0.096482,330,14.611432,120.965937,g0501
PH1380601072,Barangay 72,Manila,3233,0.9,1457,0.022427,73,14.611078,120.963262,g0501
PH1380601073,Barangay 73,Manila,2478,0.8,1468,0.019261,48,14.610529,120.96389,g0501
PH1380601074,Barangay 74,Manila,1039,23.7,653,0.618894,643,14.613543,120.966397,g0501
PH1380601075,Barangay 75,Manila,1350,22.3,684,0.578149,781,14.613403,120.967315,g0501
PH1380601076,Barangay 76,Manila,1844,16.3,838,0.417352,770,14.614867,120.96757,g0501
PH1380601077,Barangay 77,Manila,1372,8.0,1103,0.208379,286,14.615694,120.967818,g0501
PH1380601078,Barangay 78,Manila,1221,36.3,384,0.945594,1155,14.61446,120.968848,g0501
PH1380601079,Barangay 79,Manila,1520,0.3,1511,0.006755,10,14.615917,120.96529,g0501
PH1380601080,Barangay 80,Manila,2553,1.7,1405,0.042722,109,14.615254,120.965334,g0501
PH1380601081,Barangay 81,Manila,1815,7.9,1109,0.202368,367,14.615369,120.966429,g0501
PH1380601082,Barangay 82,Manila,2642,3.6,1310,0.089867,237,14.616742,120.966418,g0501
PH1380601083,Barangay 83,Manila,1473,10.2,1027,0.263209,388,14.618134,120.966498,g0501
PH1380601084,Barangay 84,Manila,1141,2.4,1372,0.061543,70,14.617517,120.966732,g0501
PH1380601085,Barangay 85,Manila,4032,6.7,1157,0.16016,646,14.617301,120.965174,g0501
PH1380601086,Barangay 86,Manila,1415,6.4,1167,0.166547,236,14.616892,120.969635,g0501
PH1380601087,Barangay 87,Manila,1633,3.1,1338,0.080942,132,14.617271,120.968289,g0501
PH1380601088,Barangay 88,Manila,1096,23.3,666,0.60776,666,14.615293,120.96911,g0501
PH1380601089,Barangay 89,Manila,720,16.9,818,0.447744,322,14.616359,120.968027,g0501
PH1380601090,Barangay 90,Manila,630,14.9,866,0.396005,249,14.615956,120.969327,g0501
PH1380601091,Barangay 91,Manila,4552,12.7,938,0.300031,1366,14.618664,120.968736,g0501
PH1380601092,Barangay 92,Manila,2639,13.8,903,0.343863,907,14.619035,120.966696,g0501
PH1380601093,Barangay 93,Manila,3960,20.9,719,0.471868,1869,14.620411,120.966627,g0501
PH1380601094,Barangay 94,Manila,2178,13.9,900,0.350564,764,14.622937,120.965893,g0501
PH1380601095,Barangay 95,Manila,5543,2.8,1349,0.064819,359,14.619625,120.96492,g0501
PH1380601096,Barangay 96,Manila,2100,16.1,843,0.407957,857,14.62457,120.963757,g0501
PH1380601097,Barangay 97,Manila,3634,25.5,612,0.589619,2143,14.621487,120.964421,g0501
PH1380601098,Barangay 98,Manila,1899,34.6,439,0.883316,1677,14.62768,120.962189,g0601
PH1380601099,Barangay 99,Manila,6310,35.9,401,0.810899,5117,14.627232,120.962939,g0601
PH1380601100,Barangay 100,Manila,2222,0.1,1534,0.003407,8,14.622833,120.960724,g0501
PH1380601101,Barangay 101,Manila,15358,18.1,776,0.330407,5074,14.627461,120.960699,g0601
PH1380601102,Barangay 102,Manila,4157,0.0,1547,1.1e-05,0,14.622987,120.962256,g0501
PH1380601103,Barangay 103,Manila,4772,0.0,1547,0.0,0,14.621761,120.962458,g0501
PH1380601104,Barangay 104,Manila,5741,0.0,1547,0.0,0,14.620463,120.962825,g0501
PH1380601105,Barangay 105,Manila,24971,3.9,1292,0.058485,1460,14.624013,120.95726,g0501
PH1380601106,Barangay 106,Manila,2513,8.4,1075,0.210516,529,14.62474,120.961604,g0501
PH1380601107,Barangay 107,Manila,7003,0.2,1519,0.004167,29,14.61879,120.959187,g0501
PH1380601108,Barangay 108,Manila,5391,0.0,1547,0.0,0,14.619041,120.962566,g0501
PH1380601109,Barangay 109,Manila,3254,0.0,1547,0.0,0,14.6186,120.964083,g0501
PH1380601110,Barangay 110,Manila,2677,5.3,1218,0.102222,274,14.61605,120.959139,g0501
PH1380601111,Barangay 111,Manila,2661,0.0,1547,0.0,0,14.617534,120.963728,g0501
PH1380601112,Barangay 112,Manila,5593,6.1,1184,0.141125,789,14.617339,120.962384,g0501
PH1380601116,Barangay 116,Manila,5943,0.8,1468,0.019229,114,14.615674,120.962434,g0501
PH1380601117,Barangay 117,Manila,4160,0.0,1547,0.0,0,14.616311,120.964052,g0501
PH1380601118,Barangay 118,Manila,10840,0.0,1547,0.0,0,14.613066,120.959924,g0501
PH1380601119,Barangay 119,Manila,2345,0.0,1547,0.0,0,14.614115,120.962581,g0501
PH1380601120,Barangay 120,Manila,3873,0.0,1547,0.0,0,14.613084,120.962291,g0501
PH1380601121,Barangay 121,Manila,4511,0.0,1547,0.0,0,14.612497,120.963835,g0501
PH1380601122,Barangay 122,Manila,3824,0.0,1547,0.0,0,14.615005,120.963926,g0501
PH1380601123,Barangay 123,Manila,8660,0.0,1547,0.0,0,14.61046,120.960711,g0501
PH1380601124,Barangay 124,Manila,159,20.1,737,0.538993,86,14.632295,120.964909,g0601
PH1380601125,Barangay 125,Manila,4510,14.4,881,0.340138,1534,14.634596,120.966824,g0601
PH1380601126,Barangay 126,Manila,1162,20.5,730,0.50143,583,14.633531,120.963102,g0601
PH1380601127,Barangay 127,Manila,565,24.0,647,0.637821,360,14.63491,120.964812,g0601
PH1380601128,Barangay 128,Manila,23702,6.5,1164,0.101644,2409,14.632037,120.952731,g0601
PH1380601129,Barangay 129,Manila,5716,23.6,655,0.541845,3097,14.629955,120.963448,g0601
PH1380601130,Barangay 130,Manila,1758,35.6,409,0.910897,1601,14.628873,120.963592,g0601
PH1380601131,Barangay 131,Manila,1621,37.1,344,0.95392,1546,14.631181,120.965596,g0601
PH1380601132,Barangay 132,Manila,925,34.2,448,0.897302,830,14.628482,120.966521,g0601
PH1380601133,Barangay 133,Manila,2115,32.1,498,0.814085,1722,14.627133,120.964778,g0601
PH1380601134,Barangay 134,Manila,1058,38.2,231,1.0,1058,14.629203,120.965681,g0601
PH1380601135,Barangay 135,Manila,1935,36.6,373,0.932103,1804,14.633952,120.969403,g0601
PH1380601136,Barangay 136,Manila,1197,33.6,461,0.874579,1047,14.631344,120.968762,g0601
PH1380601137,Barangay 137,Manila,911,39.2,140,0.996687,908,14.629483,120.968031,g0601
PH1380601138,Barangay 138,Manila,2939,34.1,451,0.844579,2482,14.632674,120.966404,g0601
PH1380601139,Barangay 139,Manila,371,37.5,310,1.0,371,14.630841,120.968203,g0601
PH1380601140,Barangay 140,Manila,543,37.7,293,0.969203,526,14.630937,120.967116,g0601
PH1380601141,Barangay 141,Manila,529,30.3,529,0.804547,426,14.631784,120.967773,g0601
PH1380601142,Barangay 142,Manila,1710,16.7,825,0.427015,730,14.633354,120.967043,g0601
PH1380601143,Barangay 143,Manila,1401,32.6,484,0.842783,1181,14.631693,120.970542,g0601
PH1380601144,Barangay 144,Manila,880,34.7,432,0.913172,804,14.631006,120.969766,g0601
PH1380601145,Barangay 145,Manila,1029,37.8,280,0.988333,1017,14.632654,120.969768,g0601
PH1380601146,Barangay 146,Manila,2895,23.2,668,0.574539,1663,14.633689,120.96793,g0601
PH1380601147,Barangay 147,Manila,2275,28.0,565,0.705319,1605,14.62322,120.968477,g0501
PH1380601148,Barangay 148,Manila,2333,28.0,565,0.673582,1571,14.624168,120.969677,g0501
PH1380601149,Barangay 149,Manila,1554,0.0,1547,0.000315,0,14.62082,120.97096,g0501
PH1380601150,Barangay 150,Manila,2277,10.4,1024,0.261751,596,14.621061,120.968958,g0501
PH1380601151,Barangay 151,Manila,1639,22.2,687,0.571767,937,14.619356,120.970257,g0501
PH1380601152,Barangay 152,Manila,6218,38.6,185,0.874339,5437,14.622357,120.974197,g0501
PH1380601153,Barangay 153,Manila,2051,17.2,807,0.436846,896,14.622427,120.972948,g0501
PH1380601154,Barangay 154,Manila,948,22.9,673,0.600418,569,14.619414,120.972103,g0501
PH1380601155,Barangay 155,Manila,3257,32.3,492,0.791671,2578,14.621169,120.97413,g0501
PH1380601156,Barangay 156,Manila,1615,18.0,779,0.463151,748,14.618085,120.97266,g0501
PH1380601157,Barangay 157,Manila,1505,22.6,679,0.582619,877,14.619396,120.973431,g0501
PH1380601158,Barangay 158,Manila,1934,21.6,700,0.550444,1065,14.620857,120.972503,g0501
PH1380601159,Barangay 159,Manila,1558,4.1,1278,0.105006,164,14.618959,120.974077,g0501
PH1380601160,Barangay 160,Manila,1256,25.0,625,0.64986,816,14.620366,120.973796,g0501
PH1380601161,Barangay 161,Manila,1004,14.2,888,0.307906,309,14.628097,120.974734,g0601
PH1380601162,Barangay 162,Manila,556,22.9,673,0.609247,339,14.627002,120.974495,g0601
PH1380601163,Barangay 163,Manila,3840,2.7,1356,0.065878,253,14.623926,120.973931,g0501
PH1380601164,Barangay 164,Manila,1807,1.9,1397,0.049829,90,14.625193,120.974209,g0601
PH1380601165,Barangay 165,Manila,1014,24.0,647,0.597288,606,14.626084,120.974535,g0601
PH1380601166,Barangay 166,Manila,882,30.7,520,0.806669,711,14.625987,120.972222,g0601
PH1380601167,Barangay 167,Manila,926,25.6,610,0.670879,621,14.62469,120.971945,g0501
PH1380601168,Barangay 168,Manila,1387,38.5,194,0.996678,1382,14.626229,120.970346,g0601
PH1380601169,Barangay 169,Manila,914,38.1,242,1.0,914,14.624979,120.970033,g0501
PH1380601170,Barangay 170,Manila,1378,38.6,185,1.0,1378,14.627017,120.969235,g0601
PH1380601171,Barangay 171,Manila,1124,38.3,220,1.0,1124,14.625955,120.968394,g0601
PH1380601172,Barangay 172,Manila,1210,38.4,209,1.0,1210,14.627706,120.967998,g0601
PH1380601173,Barangay 173,Manila,1616,18.6,765,0.477087,771,14.628339,120.972783,g0601
PH1380601174,Barangay 174,Manila,715,19.6,753,0.51844,371,14.627203,120.972493,g0601
PH1380601175,Barangay 175,Manila,988,38.6,185,0.978387,967,14.629072,120.970802,g0601
PH1380601176,Barangay 176,Manila,1278,38.5,194,1.0,1278,14.628119,120.970115,g0601
PH1380601177,Barangay 177,Manila,3308,28.4,558,0.696336,2303,14.634702,120.97213,g0601
PH1380601178,Barangay 178,Manila,1519,38.4,209,0.990227,1504,14.633392,120.974041,g0601
PH1380601179,Barangay 179,Manila,1021,3.8,1302,0.099923,102,14.629792,120.973347,g0601
PH1380601180,Barangay 180,Manila,2145,16.8,821,0.394904,847,14.630084,120.971726,g0601
PH1380601181,Barangay 181,Manila,2773,2.3,1377,0.058187,161,14.631012,120.973415,g0601
PH1380601182,Barangay 182,Manila,3936,10.2,1027,0.244371,962,14.63236,120.971441,g0601
PH1380601183,Barangay 183,Manila,8424,29.0,551,0.620689,5229,14.632143,120.973447,g0601
PH1380601184,Barangay 184,Manila,3311,25.1,621,0.585008,1937,14.633857,120.975693,g0602
PH1380601185,Barangay 185,Manila,3532,0.2,1519,0.003769,13,14.629503,120.975032,g0602
PH1380601186,Barangay 186,Manila,1678,8.1,1096,0.207487,348,14.63142,120.975361,g0602
PH1380601187,Barangay 187,Manila,886,20.5,730,0.539386,478,14.63593,120.981618,g0602
PH1380601188,Barangay 188,Manila,865,0.0,1547,0.0,0,14.635803,120.980401,g0602
PH1380601189,Barangay 189,Manila,1481,3.0,1342,0.077929,115,14.636679,120.980879,g0602
PH1380601190,Barangay 190,Manila,1232,0.0,1547,0.0,0,14.637479,120.980045,g0602
PH1380601191,Barangay 191,Manila,703,0.0,1547,0.0,0,14.637413,120.981474,g0602
PH1380601192,Barangay 192,Manila,1878,0.0,1547,0.0,0,14.638378,120.980286,g0602
PH1380601193,Barangay 193,Manila,979,0.6,1484,0.0154,15,14.634656,120.979843,g0602
PH1380601194,Barangay 194,Manila,775,3.2,1331,0.083712,65,14.63515,120.978793,g0602
PH1380601195,Barangay 195,Manila,1401,7.1,1140,0.184249,258,14.634365,120.978937,g0602
PH1380601196,Barangay 196,Manila,1631,19.1,758,0.491677,802,14.634948,120.98115,g0602
PH1380601197,Barangay 197,Manila,523,27.0,582,0.684198,358,14.633948,120.980642,g0602
PH1380601198,Barangay 198,Manila,5032,18.1,776,0.42316,2129,14.631276,120.976887,g0602
PH1380601199,Barangay 199,Manila,3471,39.1,145,0.951936,3304,14.634256,120.977389,g0602
PH1380601200,Barangay 200,Manila,1666,37.2,338,0.954615,1590,14.633224,120.976845,g0602
PH1380601201,Barangay 201,Manila,1152,32.6,484,0.785728,905,14.631612,120.978922,g0602
PH1380601202,Barangay 202,Manila,1420,38.0,256,0.950055,1349,14.633232,120.97891,g0602
PH1380601203,Barangay 202-A,Manila,1213,22.3,684,0.580027,704,14.632814,120.980293,g0602
PH1380601204,Barangay 203,Manila,2462,23.1,670,0.578434,1424,14.628643,120.977809,g0602
PH1380601205,Barangay 204,Manila,2684,34.6,439,0.832073,2233,14.627657,120.976682,g0602
PH1380601206,Barangay 205,Manila,1760,32.7,482,0.806354,1419,14.63007,120.978542,g0602
PH1380601207,Barangay 206,Manila,2433,8.5,1073,0.214537,522,14.629808,120.980565,g0602
PH1380601208,Barangay 207,Manila,1541,11.7,982,0.301376,464,14.628111,120.980593,g0602
PH1380601209,Barangay 208,Manila,635,1.4,1423,0.037687,24,14.629499,120.981759,g0602
PH1380601210,Barangay 209,Manila,5075,9.6,1044,0.222918,1131,14.624745,120.981646,g0502
PH1380601211,Barangay 210,Manila,3212,5.4,1213,0.131573,423,14.626683,120.982495,g0602
PH1380601212,Barangay 211,Manila,2007,1.8,1399,0.046209,93,14.626631,120.981275,g0602
PH1380601213,Barangay 212,Manila,2675,7.4,1127,0.184219,493,14.626394,120.979482,g0602
PH1380601214,Barangay 213,Manila,3231,27.6,574,0.6773,2188,14.624902,120.976826,g0502
PH1380601215,Barangay 214,Manila,1577,36.5,378,0.938407,1480,14.625934,120.976243,g0602
PH1380601216,Barangay 215,Manila,3106,29.3,545,0.721413,2241,14.626366,120.97794,g0602
PH1380601217,Barangay 216,Manila,2431,22.1,689,0.555482,1350,14.624532,120.977868,g0502
PH1380601218,Barangay 217,Manila,1263,33.5,464,0.870375,1099,14.624495,120.975851,g0502
PH1380601219,Barangay 218,Manila,321,18.7,763,0.500579,161,14.622856,120.975716,g0502
PH1380601220,Barangay 219,Manila,1080,28.2,562,0.736736,796,14.624235,120.978964,g0502
PH1380601221,Barangay 220,Manila,1270,18.9,760,0.492207,625,14.623929,120.98061,g0502
PH1380601222,Barangay 221,Manila,3353,11.6,986,0.283479,951,14.62072,120.975899,g0502
PH1380601223,Barangay 222,Manila,2040,2.7,1356,0.069207,141,14.619061,120.97624,g0502
PH1380601224,Barangay 223,Manila,1629,17.1,812,0.440553,718,14.620179,120.978386,g0502
PH1380601225,Barangay 224,Manila,1069,25.2,619,0.657553,703,14.621949,120.978744,g0502
PH1380601226,Barangay 225,Manila,2419,17.2,807,0.431633,1044,14.618026,120.978461,g0502
PH1380601227,Barangay 226,Manila,1562,20.3,735,0.523188,817,14.618018,120.977868,g0502
PH1380601228,Barangay 227,Manila,1836,25.4,614,0.648444,1191,14.622065,120.977159,g0502
PH1380601229,Barangay 228,Manila,3010,32.6,484,0.7741,2330,14.621854,120.975712,g0502
PH1380601230,Barangay 229,Manila,1545,8.9,1060,0.229775,355,14.618175,120.977255,g0502
PH1380601231,Barangay 230,Manila,2364,1.1,1440,0.026624,63,14.618191,120.976825,g0502
PH1380601232,Barangay 231,Manila,1888,13.0,925,0.332338,627,14.620133,120.976672,g0502
PH1380601233,Barangay 232,Manila,1778,4.2,1270,0.108025,192,14.618533,120.975018,g0502
PH1380601234,Barangay 233,Manila,735,6.4,1167,0.168709,124,14.617641,120.976004,g0502
PH1380601235,Barangay 234,Manila,1945,16.1,843,0.410419,798,14.61641,120.975187,g0502
PH1380601236,Barangay 235,Manila,1557,22.7,677,0.585329,911,14.61524,120.976616,g0502
PH1380601237,Barangay 236,Manila,801,14.8,869,0.390497,313,14.615366,120.974879,g0501
PH1380601238,Barangay 237,Manila,452,14.5,878,0.386194,175,14.614585,120.974669,g0501
PH1380601239,Barangay 238,Manila,364,37.4,324,1.0,364,14.609199,120.975409,g0502
PH1380601240,Barangay 239,Manila,1785,37.9,266,0.968579,1729,14.613336,120.975769,g0502
PH1380601241,Barangay 240,Manila,56,37.1,344,1.0,56,14.607254,120.974981,g0501
PH1380601242,Barangay 241,Manila,447,15.7,855,0.419052,187,14.612467,120.973813,g0501
PH1380601243,Barangay 242,Manila,448,38.8,167,1.0,448,14.60829,120.97465,g0501
PH1380601244,Barangay 243,Manila,436,37.2,338,0.991005,432,14.611488,120.974766,g0501
PH1380601245,Barangay 244,Manila,640,37.8,280,1.0,640,14.611498,120.97526,g0502
PH1380601246,Barangay 245,Manila,281,35.4,415,0.948424,267,14.608776,120.974111,g0501
PH1380601247,Barangay 246,Manila,1254,37.2,338,0.96807,1214,14.611415,120.975801,g0502
PH1380601248,Barangay 247,Manila,737,37.9,266,1.0,737,14.607387,120.973898,g0501
PH1380601249,Barangay 248,Manila,503,36.2,389,0.962397,484,14.60985,120.974353,g0501
PH1380601250,Barangay 249,Manila,1610,19.1,758,0.489998,789,14.615962,120.977609,g0502
PH1380601251,Barangay 250,Manila,1182,40.9,68,1.0,1182,14.609935,120.976772,g0502
PH1380601252,Barangay 251,Manila,1181,0.0,1547,0.0,0,14.614559,120.977605,g0502
PH1380601253,Barangay 252,Manila,910,19.4,754,0.509994,464,14.614554,120.977044,g0502
PH1380601254,Barangay 253,Manila,1329,6.3,1173,0.162821,216,14.613647,120.977904,g0502
PH1380601255,Barangay 254,Manila,3713,21.2,709,0.483808,1796,14.611878,120.977062,g0502
PH1380601256,Barangay 255,Manila,1086,2.8,1349,0.073533,80,14.614137,120.978837,g0502
PH1380601257,Barangay 256,Manila,1030,5.8,1199,0.152688,157,14.615663,120.978626,g0502
PH1380601258,Barangay 257,Manila,1308,38.0,256,0.986112,1290,14.611327,120.978407,g0502
PH1380601259,Barangay 258,Manila,1181,10.3,1025,0.268751,317,14.612415,120.978548,g0502
PH1380601260,Barangay 259,Manila,2090,42.8,45,0.992132,2074,14.607484,120.976195,g0502
PH1380601261,Barangay 260,Manila,1645,40.2,85,1.0,1645,14.606174,120.978075,g0502
PH1380601262,Barangay 261,Manila,735,38.4,209,0.980584,721,14.609836,120.98005,g0502
PH1380601263,Barangay 262,Manila,1736,41.3,59,0.995535,1728,14.608984,120.978388,g0502
PH1380601264,Barangay 263,Manila,1306,38.5,194,1.0,1306,14.607983,120.978985,g0502
PH1380601265,Barangay 264,Manila,2443,40.2,85,0.946115,2311,14.610368,120.97906,g0502
PH1380601266,Barangay 265,Manila,125,34.0,455,0.91455,114,14.611328,120.979783,g0502
PH1380601267,Barangay 266,Manila,1665,38.6,185,0.992317,1652,14.606624,120.977133,g0502
PH1380601268,Barangay 267,Manila,1952,37.4,324,0.951841,1858,14.612421,120.979626,g0502
PH1380602001,Barangay 287,Manila,2546,39.1,145,0.979125,2493,14.599089,120.974089,g0501
PH1380602002,Barangay 288,Manila,2538,40.3,81,0.977598,2481,14.600779,120.974648,g0501
PH1380602003,Barangay 289,Manila,1017,38.2,231,1.0,1017,14.598915,120.975629,g0502
PH1380602004,Barangay 290,Manila,1093,38.3,220,1.0,1093,14.599419,120.97724,g0502
PH1380602005,Barangay 291,Manila,2279,40.9,68,1.0,2279,14.597472,120.978174,g0502
PH1380602006,Barangay 292,Manila,2846,40.1,87,0.994404,2830,14.603489,120.974893,g0501
PH1380602007,Barangay 293,Manila,3565,41.5,57,0.978021,3487,14.604578,120.973096,g0501
PH1380602008,Barangay 294,Manila,1881,38.8,167,0.988972,1860,14.604661,120.976491,g0502
PH1380602009,Barangay 295,Manila,1531,38.7,178,0.99769,1527,14.602815,120.976921,g0502
PH1380602010,Barangay 296,Manila,1195,38.4,209,1.0,1195,14.602195,120.975921,g0502
PH1380603003,Barangay 383,Manila,2267,38.2,231,0.964537,2187,14.597247,120.984578,g0502
PH1380603004,Barangay 384,Manila,3511,36.6,373,0.890497,3127,14.595825,120.984113,g0502
PH1380603005,Barangay 385,Manila,3406,39.4,124,0.96086,3273,14.595875,120.987461,g0502
PH1380603006,Barangay 386,Manila,1213,38.9,161,0.97973,1188,14.594871,120.989786,g0502
PH1380603007,Barangay 387,Manila,2654,39.1,145,0.976607,2592,14.597135,120.987686,g0502
PH1380603008,Barangay 388,Manila,1260,37.5,310,0.97475,1228,14.597881,120.988432,g0502
PH1380603009,Barangay 389,Manila,1174,38.3,220,0.996845,1170,14.598149,120.990419,g0502
PH1380603010,Barangay 390,Manila,792,34.2,448,0.900846,713,14.600044,120.989305,g0502
PH1380603011,Barangay 391,Manila,2558,40.9,68,0.992865,2540,14.600997,120.986198,g0502
PH1380603012,Barangay 392,Manila,695,38.8,167,0.993251,690,14.601515,120.986982,g0502
PH1380603013,Barangay 393,Manila,4073,43.3,42,0.918564,3741,14.598694,120.986541,g0502
PH1380603014,Barangay 394,Manila,1433,38.7,178,1.0,1433,14.599889,120.985124,g0502
PH1380603015,Barangay 306,Manila,1248,37.9,266,0.984546,1229,14.597443,120.982119,g0502
PH1380603016,Barangay 307,Manila,1378,37.8,280,0.980198,1351,14.599634,120.982957,g0502
PH1380603017,Barangay 308,Manila,1033,37.6,303,0.952544,984,14.602024,120.984194,g0502
PH1380603018,Barangay 309,Manila,1151,41.2,61,0.978559,1126,14.602161,120.982713,g0502
PH1380604001,Barangay 268,Manila,489,37.5,310,0.997714,488,14.604268,120.971035,g0501
PH1380604002,Barangay 269,Manila,904,37.7,293,0.991253,896,14.603763,120.969738,g0501
PH1380604003,Barangay 270,Manila,918,24.3,643,0.636982,585,14.601675,120.968365,g0501
PH1380604004,Barangay 271,Manila,633,32.3,492,0.855927,542,14.601984,120.969794,g0501
PH1380604005,Barangay 272,Manila,1064,0.2,1519,0.005075,5,14.599751,120.967422,g0501
PH1380604006,Barangay 273,Manila,825,0.6,1484,0.01518,13,14.599287,120.967858,g0501
PH1380604007,Barangay 274,Manila,1944,0.0,1547,0.0,0,14.600682,120.966745,g0501
PH1380604008,Barangay 275,Manila,19809,2.4,1372,0.039722,787,14.597709,120.962717,g0501
PH1380604009,Barangay 276,Manila,2543,14.2,888,0.324154,824,14.601065,120.967415,g0501
PH1380604014,Barangay 281,Manila,2288,20.9,719,0.525758,1203,14.600081,120.9715,g0501
PH1380604015,Barangay 282,Manila,2458,23.6,655,0.591199,1453,14.597151,120.973171,g0501
PH1380604016,Barangay 283,Manila,1345,9.9,1039,0.257461,346,14.597322,120.968706,g0501
PH1380604017,Barangay 284,Manila,961,4.1,1278,0.107369,103,14.598075,120.969626,g0501
PH1380604018,Barangay 285,Manila,2066,8.2,1084,0.209247,432,14.597522,120.970922,g0501
PH1380604019,Barangay 286,Manila,4710,11.1,1002,0.260467,1227,14.597133,120.967316,g0501
PH1380605001,Barangay 297,Manila,2005,39.3,131,1.0,2005,14.601132,120.97728,g0502
PH1380605002,Barangay 298,Manila,1020,37.3,331,0.976325,996,14.600457,120.979045,g0502
PH1380605003,Barangay 299,Manila,1300,38.3,220,0.993782,1292,14.603583,120.978498,g0502
PH1380605004,Barangay 300,Manila,981,33.3,468,0.872948,856,14.602051,120.978004,g0502
PH1380605005,Barangay 301,Manila,448,37.5,310,0.998931,448,14.60232,120.979525,g0502
PH1380605006,Barangay 302,Manila,654,39.9,95,0.992134,649,14.601818,120.978949,g0502
PH1380605007,Barangay 303,Manila,641,37.3,331,0.987959,633,14.599703,120.980616,g0502
PH1380605008,Barangay 304,Manila,298,34.7,432,0.928401,277,14.602667,120.981323,g0502
PH1380605009,Barangay 305,Manila,645,37.3,331,0.986636,636,14.602808,120.980111,g0502
PH1380605012,Barangay 310,Manila,13602,42.0,53,0.795901,10826,14.604611,120.983814,g0502
PH1380605013,Barangay 311,Manila,2401,39.8,101,0.967954,2324,14.606694,120.984646,g0502
PH1380605014,Barangay 312,Manila,3328,38.4,209,0.909919,3028,14.606514,120.98276,g0502
PH1380605015,Barangay 313,Manila,2848,36.8,360,0.91354,2602,14.604688,120.980304,g0502
PH1380605016,Barangay 314,Manila,2064,38.4,209,0.943392,1947,14.605956,120.980444,g0502
PH1380605017,Barangay 315,Manila,1786,39.3,131,0.973558,1739,14.608534,120.984592,g0502
PH1380605018,Barangay 316,Manila,829,38.0,256,1.0,829,14.608663,120.982719,g0502
PH1380605019,Barangay 317,Manila,1542,38.5,194,0.991937,1530,14.611306,120.98529,g0502
PH1380605020,Barangay 318,Manila,740,37.9,266,1.0,740,14.610161,120.984652,g0502
PH1380605021,Barangay 319,Manila,1209,36.6,373,0.953092,1152,14.610096,120.985616,g0502
PH1380605022,Barangay 320,Manila,1300,36.9,356,0.958847,1247,14.61145,120.98342,g0502
PH1380605023,Barangay 321,Manila,240,37.3,331,1.0,240,14.610282,120.982841,g0502
PH1380605024,Barangay 322,Manila,799,36.2,389,0.953937,762,14.610218,120.98375,g0502
PH1380605025,Barangay 323,Manila,1060,36.8,360,0.962165,1020,14.612368,120.985372,g0502
PH1380605026,Barangay 324,Manila,605,31.4,507,0.831554,503,14.612485,120.983921,g0502
PH1380605027,Barangay 325,Manila,522,34.6,439,0.918843,480,14.612555,120.983004,g0502
PH1380605028,Barangay 326,Manila,825,38.0,256,1.0,825,14.610399,120.980941,g0502
PH1380605029,Barangay 327,Manila,1239,29.7,542,0.740667,918,14.612183,120.980726,g0502
PH1380605030,Barangay 328,Manila,679,37.8,280,1.0,679,14.609273,120.980763,g0502
PH1380605031,Barangay 329,Manila,439,37.5,310,1.0,439,14.607706,120.980826,g0502
PH1380605032,Barangay 330,Manila,2244,40.8,73,1.0,2244,14.607587,120.979943,g0502
PH1380605033,Barangay 331,Manila,924,18.4,770,0.45053,416,14.614952,120.981031,g0502
PH1380605034,Barangay 332,Manila,582,37.7,293,1.0,582,14.609227,120.981796,g0502
PH1380605035,Barangay 333,Manila,877,38.0,256,1.0,877,14.610348,120.981888,g0502
PH1380605036,Barangay 334,Manila,1461,32.6,484,0.841336,1229,14.612122,120.981945,g0502
PH1380605037,Barangay 335,Manila,1350,38.0,256,0.986109,1331,14.607642,120.981681,g0502
PH1380605038,Barangay 336,Manila,2134,21.5,703,0.543828,1161,14.616207,120.983762,g0502
PH1380605039,Barangay 337,Manila,1386,25.8,605,0.668265,926,14.614887,120.983658,g0502
PH1380605040,Barangay 338,Manila,1378,25.1,621,0.650656,897,14.614755,120.98558,g0502
PH1380605041,Barangay 339,Manila,1265,37.6,303,0.977616,1237,14.613644,120.983582,g0502
PH1380605042,Barangay 340,Manila,2009,32.2,496,0.818323,1644,14.61351,120.985478,g0502
PH1380605043,Barangay 341,Manila,1463,22.2,687,0.574308,840,14.616125,120.985585,g0502
PH1380605044,Barangay 342,Manila,1634,30.9,515,0.793034,1296,14.613885,120.987213,g0502
PH1380605045,Barangay 343,Manila,2209,20.8,723,0.524671,1159,14.615622,120.988025,g0502
PH1380605046,Barangay 344,Manila,536,7.6,1120,0.201172,108,14.617471,120.984014,g0502
PH1380605047,Barangay 345,Manila,1149,0.9,1457,0.024694,28,14.61992,120.983834,g0502
PH1380605048,Barangay 346,Manila,1511,9.0,1056,0.231225,349,14.61868,120.983804,g0502
PH1380605049,Barangay 347,Manila,1266,5.0,1234,0.128642,163,14.621162,120.983868,g0502
PH1380605050,Barangay 348,Manila,1249,17.1,812,0.445127,556,14.622258,120.983881,g0502
PH1380605051,Barangay 349,Manila,788,31.7,504,0.8352,658,14.622232,120.98576,g0502
PH1380605052,Barangay 350,Manila,6776,0.2,1519,0.005496,37,14.619514,120.986277,g0502
PH1380605053,Barangay 351,Manila,3401,26.5,598,0.647423,2202,14.619903,120.988196,g0502
PH1380605054,Barangay 352,Manila,1342,17.8,787,0.428568,575,14.617161,120.987758,g0502
PH1380605055,Barangay 353,Manila,2232,8.4,1075,0.213074,476,14.61736,120.981342,g0502
PH1380605056,Barangay 354,Manila,1810,6.2,1178,0.158376,287,14.618733,120.981414,g0502
PH1380605057,Barangay 355,Manila,970,30.2,532,0.760113,737,14.617967,120.979349,g0502
PH1380605058,Barangay 356,Manila,505,30.1,534,0.801665,405,14.622307,120.981957,g0502
PH1380605059,Barangay 357,Manila,736,12.3,955,0.323773,238,14.621203,120.982176,g0502
PH1380605060,Barangay 358,Manila,1029,5.4,1213,0.141357,145,14.619955,120.982146,g0502
PH1380605061,Barangay 359,Manila,410,31.9,501,0.84985,348,14.622408,120.980282,g0502
PH1380605062,Barangay 360,Manila,741,20.9,719,0.552451,409,14.621251,120.980425,g0502
PH1380605063,Barangay 361,Manila,715,9.0,1056,0.236559,169,14.62,120.980762,g0502
PH1380605064,Barangay 362,Manila,252,24.5,638,0.655911,165,14.620032,120.979508,g0502
PH1380605065,Barangay 363,Manila,559,11.8,976,0.280612,157,14.623735,120.983898,g0502
PH1380605066,Barangay 364,Manila,1985,33.3,468,0.848268,1684,14.623319,120.985967,g0502
PH1380605067,Barangay 365,Manila,1278,5.4,1213,0.141111,180,14.62312,120.984525,g0502
PH1380605069,Barangay 366,Manila,1193,11.5,989,0.300183,358,14.624817,120.983735,g0502
PH1380605070,Barangay 367,Manila,1708,16.5,833,0.424299,725,14.624771,120.985552,g0502
PH1380605071,Barangay 368,Manila,1337,38.3,220,0.992359,1327,14.621881,120.988371,g0502
PH1380605072,Barangay 369,Manila,1396,37.8,280,0.977694,1365,14.623186,120.987068,g0502
PH1380605073,Barangay 370,Manila,772,25.5,612,0.672011,519,14.624597,120.987334,g0502
PH1380605074,Barangay 371,Manila,842,38.5,194,0.979898,825,14.623306,120.988326,g0502
PH1380605075,Barangay 372,Manila,4136,5.8,1199,0.137972,571,14.63195,120.989493,g0602
PH1380605076,Barangay 373,Manila,3788,0.0,1547,0.0,0,14.630247,120.983306,g0602
PH1380605077,Barangay 374,Manila,3277,0.0,1547,0.0,0,14.630727,120.982324,g0602
PH1380605078,Barangay 375,Manila,3909,0.0,1547,0.0,0,14.629309,120.983614,g0602
PH1380605079,Barangay 376,Manila,930,1.2,1435,0.030595,28,14.626335,120.987354,g0602
PH1380605080,Barangay 377,Manila,578,17.1,812,0.452681,262,14.627704,120.985427,g0602
PH1380605081,Barangay 378,Manila,602,7.5,1125,0.198679,120,14.628538,120.984509,g0602
PH1380605082,Barangay 379,Manila,654,16.3,838,0.430403,281,14.625752,120.986283,g0602
PH1380605083,Barangay 380,Manila,921,23.7,653,0.623119,574,14.626147,120.985385,g0602
PH1380605084,Barangay 381,Manila,1591,27.6,574,0.679359,1081,14.626057,120.984005,g0602
PH1380605085,Barangay 382,Manila,896,22.8,675,0.598923,537,14.627482,120.983831,g0602
PH1380606001,Barangay 395,Manila,1222,42.4,49,0.974859,1191,14.603516,120.986931,g0502
PH1380606002,Barangay 396,Manila,1666,38.3,220,0.984476,1640,14.604677,120.988787,g0502
PH1380606003,Barangay 397,Manila,4175,42.8,45,0.9636,4023,14.606319,120.9903,g0502
PH1380606004,Barangay 398,Manila,3068,39.5,117,0.974203,2989,14.605575,120.99154,g0502
PH1380606005,Barangay 399,Manila,1068,35.2,420,0.918854,981,14.604741,120.990419,g0502
PH1380606006,Barangay 400,Manila,1504,38.0,256,0.947366,1425,14.603658,120.990662,g0502
PH1380606007,Barangay 401,Manila,2333,35.9,401,0.90515,2112,14.603994,120.992127,g0502
PH1380606008,Barangay 402,Manila,2758,39.0,154,0.969514,2674,14.60233,120.992253,g0502
PH1380606009,Barangay 403,Manila,630,37.1,344,0.982492,619,14.601916,120.991182,g0502
PH1380606010,Barangay 404,Manila,723,38.5,194,0.919303,665,14.602127,120.989711,g0502
PH1380606011,Barangay 405,Manila,999,37.7,293,0.987691,987,14.605002,120.993583,g0502
PH1380606012,Barangay 406,Manila,449,37.5,310,1.0,449,14.605712,120.994065,g0502
PH1380606013,Barangay 407,Manila,1571,36.4,383,0.938131,1474,14.603731,120.994518,g0502
PH1380606014,Barangay 408,Manila,1768,35.4,415,0.906108,1602,14.604136,120.995441,g0502
PH1380606015,Barangay 409,Manila,1921,39.2,140,0.999888,1921,14.601898,120.997291,g0502
PH1380606016,Barangay 410,Manila,2424,37.1,344,0.932756,2261,14.600629,120.997175,g0502
PH1380606017,Barangay 411,Manila,1903,40.9,68,0.980976,1867,14.602882,120.997084,g0502
PH1380606018,Barangay 412,Manila,1890,39.1,145,0.996501,1883,14.600796,120.994615,g0502
PH1380606019,Barangay 413,Manila,1702,38.6,185,0.990399,1686,14.601652,120.995124,g0502
PH1380606020,Barangay 414,Manila,1716,37.5,310,0.961057,1649,14.602359,120.995054,g0502
PH1380606021,Barangay 415,Manila,884,24.0,647,0.631856,559,14.602916,120.99387,g0502
PH1380606022,Barangay 416,Manila,821,33.1,473,0.872608,716,14.601242,120.992666,g0502
PH1380606023,Barangay 417,Manila,2011,38.9,161,0.98749,1986,14.604121,120.999929,g0502
PH1380606024,Barangay 418,Manila,2835,40.1,87,0.995255,2822,14.602368,121.000602,g0502
PH1380606025,Barangay 419,Manila,1696,38.8,167,0.995595,1689,14.603414,120.998826,g0502
PH1380606026,Barangay 420,Manila,3134,39.7,109,0.976428,3060,14.601633,120.999219,g0502
PH1380606027,Barangay 421,Manila,1474,37.7,293,0.972343,1433,14.604112,121.003051,g0502
PH1380606028,Barangay 422,Manila,2304,39.4,124,0.961041,2214,14.605459,121.002332,g0502
PH1380606029,Barangay 423,Manila,1307,39.5,117,0.993722,1299,14.604607,121.001358,g0502
PH1380606030,Barangay 424,Manila,1900,34.8,428,0.886532,1684,14.602703,121.001642,g0502
PH1380606031,Barangay 425,Manila,2087,30.0,536,0.761621,1590,14.602502,121.003384,g0502
PH1380606032,Barangay 426,Manila,1786,17.5,798,0.415668,742,14.602269,121.006814,g0502
PH1380606033,Barangay 427,Manila,495,29.6,544,0.755756,374,14.602719,121.00471,g0502
PH1380606034,Barangay 428,Manila,1304,13.0,925,0.338538,441,14.60355,121.005192,g0502
PH1380606035,Barangay 429,Manila,2814,40.3,81,1.0,2814,14.607116,120.995933,g0502
PH1380606036,Barangay 430,Manila,508,37.6,303,1.0,508,14.606143,120.994539,g0502
PH1380606037,Barangay 431,Manila,700,37.0,352,0.979024,685,14.60667,120.995116,g0502
PH1380606038,Barangay 432,Manila,3436,42.6,48,0.978083,3361,14.60617,120.997486,g0502
PH1380606039,Barangay 433,Manila,464,37.6,303,1.0,464,14.604436,120.995918,g0502
PH1380606040,Barangay 434,Manila,1173,37.2,338,0.970359,1138,14.605635,120.996005,g0502
PH1380606041,Barangay 435,Manila,592,38.9,161,1.0,592,14.604466,120.996932,g0502
PH1380606042,Barangay 436,Manila,964,38.1,242,1.0,964,14.604863,120.99912,g0502
PH1380606043,Barangay 437,Manila,899,37.2,338,0.977526,879,14.605991,121.000606,g0502
PH1380606044,Barangay 438,Manila,712,37.8,280,1.0,712,14.606634,120.999442,g0502
PH1380606045,Barangay 439,Manila,1052,36.6,373,0.924639,973,14.60599,120.998842,g0502
PH1380606046,Barangay 440,Manila,1004,36.3,384,0.951909,956,14.608171,120.998974,g0502
PH1380606047,Barangay 441,Manila,856,38.0,256,1.0,856,14.609225,120.997965,g0502
PH1380606048,Barangay 442,Manila,670,36.7,367,0.969781,650,14.609785,120.998574,g0502
PH1380606049,Barangay 443,Manila,1382,36.2,389,0.937547,1296,14.608731,120.999584,g0502
PH1380606050,Barangay 444,Manila,941,36.8,360,0.96535,908,14.607677,121.000591,g0502
PH1380606051,Barangay 445,Manila,931,38.1,242,1.0,931,14.607119,120.999979,g0502
PH1380606052,Barangay 446,Manila,1002,36.7,367,0.962457,964,14.606695,121.001548,g0502
PH1380606053,Barangay 447,Manila,1454,38.7,178,1.0,1454,14.608731,120.997427,g0502
PH1380606054,Barangay 448,Manila,1375,36.5,378,0.944428,1299,14.607536,120.998324,g0502
PH1380606055,Barangay 449,Manila,1402,39.9,95,1.0,1402,14.608188,120.996789,g0502
PH1380606056,Barangay 450,Manila,1835,39.0,154,0.997042,1830,14.611291,120.997105,g0502
PH1380606057,Barangay 451,Manila,1027,38.2,231,1.0,1027,14.611136,120.996308,g0502
PH1380606058,Barangay 452,Manila,1039,38.2,231,1.0,1039,14.610893,120.995331,g0502
PH1380606059,Barangay 453,Manila,1492,38.7,178,1.0,1492,14.609796,120.99639,g0502
PH1380606060,Barangay 454,Manila,1153,38.0,256,0.990198,1142,14.610158,120.994519,g0502
PH1380606061,Barangay 455,Manila,1274,38.5,194,1.0,1274,14.609052,120.995584,g0502
PH1380606062,Barangay 456,Manila,1530,38.8,167,0.999759,1530,14.608863,120.994515,g0502
PH1380606063,Barangay 457,Manila,2445,41.1,62,0.969124,2370,14.607515,120.992783,g0502
PH1380606064,Barangay 458,Manila,1462,37.5,310,0.968342,1416,14.605956,120.992668,g0502
PH1380606065,Barangay 459,Manila,752,37.9,266,0.998985,751,14.607432,120.991513,g0502
PH1380606066,Barangay 460,Manila,789,38.3,220,0.978285,772,14.608346,120.993139,g0502
PH1380606067,Barangay 461,Manila,863,37.4,324,0.982804,848,14.608519,120.993975,g0502
PH1380606068,Barangay 462,Manila,1528,36.7,367,0.945491,1445,14.605804,120.987311,g0502
PH1380606069,Barangay 463,Manila,830,38.0,256,1.0,830,14.60707,120.986537,g0502
PH1380606070,Barangay 464,Manila,2954,24.4,641,0.604403,1785,14.605767,120.98605,g0502
PH1380606071,Barangay 465,Manila,762,37.9,266,1.0,762,14.60805,120.987604,g0502
PH1380606072,Barangay 466,Manila,1237,37.0,352,0.962674,1191,14.608803,120.986518,g0502
PH1380606073,Barangay 467,Manila,1160,38.4,209,1.0,1160,14.607567,120.987059,g0502
PH1380606074,Barangay 468,Manila,1300,38.2,231,0.99253,1290,14.60647,120.988117,g0502
PH1380606075,Barangay 469,Manila,1956,39.3,131,1.0,1956,14.606957,120.988662,g0502
PH1380606076,Barangay 470,Manila,2260,46.9,34,0.964407,2180,14.610132,120.989458,g0502
PH1380606077,Barangay 471,Manila,1415,37.7,293,0.975913,1381,14.611296,120.987012,g0502
PH1380606078,Barangay 472,Manila,1122,36.2,389,0.94518,1060,14.614171,120.994364,g0502
PH1380606079,Barangay 473,Manila,1383,38.6,185,1.0,1383,14.613079,120.995414,g0502
PH1380606080,Barangay 474,Manila,1655,38.8,167,0.995342,1647,14.615049,120.993164,g0502
PH1380606081,Barangay 475,Manila,1664,38.5,194,0.988433,1645,14.613044,120.994299,g0502
PH1380606082,Barangay 476,Manila,1268,38.2,231,0.993754,1260,14.612492,120.993685,g0502
PH1380606083,Barangay 477,Manila,1045,37.1,344,0.939219,981,14.614115,120.992145,g0502
PH1380606084,Barangay 478,Manila,1129,36.5,378,0.953091,1076,14.612067,120.992914,g0502
PH1380606085,Barangay 479,Manila,2307,36.3,384,0.853054,1968,14.611158,120.992363,g0502
PH1380606086,Barangay 480,Manila,810,34.5,443,0.907787,735,14.613376,120.991328,g0502
PH1380606087,Barangay 481,Manila,1004,32.2,496,0.843622,847,14.612713,120.990608,g0502
PH1380606088,Barangay 482,Manila,701,37.4,324,0.988866,693,14.617443,120.98942,g0502
PH1380606089,Barangay 483,Manila,1369,33.8,457,0.875986,1199,14.618292,120.990195,g0502
PH1380606090,Barangay 484,Manila,1777,30.8,519,0.789255,1403,14.6193,120.989372,g0502
PH1380606091,Barangay 485,Manila,1337,35.5,411,0.920045,1230,14.617219,120.991207,g0502
PH1380606092,Barangay 486,Manila,969,38.1,242,1.0,969,14.616413,120.990321,g0502
PH1380606093,Barangay 487,Manila,1457,38.5,194,0.995602,1451,14.616152,120.992212,g0502
PH1380606094,Barangay 488,Manila,783,35.8,405,0.944475,740,14.615288,120.991256,g0502
PH1380606095,Barangay 489,Manila,1142,35.5,411,0.926362,1058,14.614425,120.990304,g0502
PH1380606096,Barangay 490,Manila,471,33.0,475,0.844374,398,14.614059,120.989368,g0502
PH1380606097,Barangay 491,Manila,813,39.2,140,1.0,813,14.615803,120.989455,g0502
PH1380606098,Barangay 492,Manila,1107,17.5,798,0.455951,505,14.624012,120.990262,g0502
PH1380606099,Barangay 493,Manila,1170,20.4,733,0.531987,622,14.625044,120.989631,g0602
PH1380606100,Barangay 494,Manila,2318,23.6,655,0.593553,1376,14.622171,120.992309,g0502
PH1380606101,Barangay 495,Manila,1906,24.7,632,0.629798,1200,14.62313,120.991234,g0502
PH1380606102,Barangay 496,Manila,1177,6.9,1146,0.178986,211,14.621606,120.993874,g0502
PH1380606103,Barangay 497,Manila,1489,37.4,324,0.965629,1438,14.621922,120.989665,g0502
PH1380606104,Barangay 498,Manila,1033,2.8,1349,0.074012,76,14.620704,120.992851,g0502
PH1380606105,Barangay 499,Manila,1498,18.3,772,0.472814,708,14.619137,120.991138,g0502
PH1380606106,Barangay 500,Manila,2562,36.7,367,0.918966,2354,14.62057,120.990528,g0502
PH1380606107,Barangay 501,Manila,845,9.9,1039,0.259531,219,14.619919,120.991985,g0502
PH1380606108,Barangay 502,Manila,815,33.9,456,0.892339,727,14.614634,120.997142,g0502
PH1380606109,Barangay 503,Manila,1183,37.3,331,0.972583,1151,14.61386,120.996283,g0502
PH1380606110,Barangay 504,Manila,1312,37.8,280,0.981798,1288,14.615624,120.995962,g0502
PH1380606111,Barangay 505,Manila,1200,35.7,406,0.929566,1115,14.614842,120.995106,g0502
PH1380606112,Barangay 506,Manila,668,33.6,461,0.888754,594,14.616802,120.995087,g0502
PH1380606113,Barangay 507,Manila,1532,38.2,231,0.9837,1507,14.616017,120.994222,g0502
PH1380606114,Barangay 508,Manila,1006,35.4,415,0.926234,932,14.617803,120.994011,g0502
PH1380606115,Barangay 509,Manila,1260,36.2,389,0.940693,1185,14.617019,120.99315,g0502
PH1380606116,Barangay 510,Manila,1134,17.7,789,0.428295,486,14.618861,120.992995,g0502
PH1380606117,Barangay 511,Manila,1338,29.1,548,0.754638,1010,14.618077,120.99214,g0502
PH1380606118,Barangay 512,Manila,2473,6.1,1184,0.152378,377,14.61715,120.999393,g0502
PH1380606119,Barangay 513,Manila,2033,16.4,835,0.417328,848,14.617129,120.998034,g0502
PH1380606120,Barangay 514,Manila,2283,9.4,1050,0.237345,542,14.618827,120.995133,g0502
PH1380606121,Barangay 515,Manila,2166,5.8,1199,0.147206,319,14.619407,120.996917,g0502
PH1380606122,Barangay 516,Manila,1087,11.2,1000,0.292852,318,14.620861,120.995236,g0502
PH1380606123,Barangay 517,Manila,1029,30.7,520,0.804408,828,14.61538,120.997946,g0502
PH1380606124,Barangay 518,Manila,1908,3.6,1310,0.091711,175,14.619883,120.994124,g0502
PH1380606125,Barangay 519,Manila,1311,20.8,723,0.539203,707,14.616474,120.996896,g0502
PH1380606126,Barangay 520,Manila,631,15.6,857,0.413504,261,14.617834,120.99622,g0502
PH1380606127,Barangay 521,Manila,2244,37.9,266,0.926637,2079,14.612072,120.997889,g0502
PH1380606128,Barangay 522,Manila,1091,26.4,599,0.690525,753,14.612874,120.998306,g0502
PH1380606129,Barangay 523,Manila,1115,5.1,1229,0.102001,114,14.613079,120.999035,g0502
PH1380606130,Barangay 524,Manila,865,6.9,1146,0.181107,157,14.613793,120.99924,g0502
PH1380606131,Barangay 525,Manila,1784,3.5,1316,0.090246,161,14.613617,121.000599,g0502
PH1380606132,Barangay 526,Manila,790,26.6,596,0.70113,554,14.614661,120.999584,g0502
PH1380606133,Barangay 527,Manila,2134,6.0,1190,0.151132,323,14.614031,121.002454,g0502
PH1380606134,Barangay 528,Manila,1433,25.0,625,0.64678,927,14.615244,121.000299,g0502
PH1380606135,Barangay 529,Manila,935,4.9,1242,0.129628,121,14.614364,121.001656,g0502
PH1380606136,Barangay 530,Manila,483,11.0,1006,0.2918,141,14.616143,121.001011,g0502
PH1380606137,Barangay 531,Manila,956,32.4,491,0.849059,812,14.615338,121.002598,g0502
PH1380606138,Barangay 532,Manila,987,0.0,1547,0.0,0,14.612804,121.001494,g0502
PH1380606139,Barangay 533,Manila,913,0.0,1547,0.0,0,14.613034,121.002641,g0502
PH1380606140,Barangay 534,Manila,1096,0.0,1547,0.0,0,14.612108,121.003123,g0502
PH1380606141,Barangay 535,Manila,1035,0.0,1547,0.0,0,14.611793,121.002065,g0502
PH1380606142,Barangay 536,Manila,944,7.8,1116,0.205839,194,14.612827,121.004115,g0502
PH1380606143,Barangay 537,Manila,1085,13.1,922,0.342775,372,14.613941,121.00368,g0502
PH1380606144,Barangay 538,Manila,821,11.5,989,0.302048,248,14.613713,121.00464,g0502
PH1380606145,Barangay 539,Manila,1846,0.0,1547,0.0,0,14.611029,121.003801,g0502
PH1380606146,Barangay 540,Manila,1951,0.0,1547,0.0,0,14.612683,121.00523,g0502
PH1380606147,Barangay 541,Manila,485,0.0,1547,0.0,0,14.612347,121.006167,g0502
PH1380606148,Barangay 542,Manila,802,5.1,1229,0.134044,108,14.609408,121.000327,g0502
PH1380606149,Barangay 543,Manila,822,25.4,614,0.668448,549,14.610459,120.99931,g0502
PH1380606150,Barangay 544,Manila,164,10.5,1020,0.282582,46,14.608551,121.000535,g0502
PH1380606151,Barangay 545,Manila,883,1.1,1440,0.027719,24,14.608823,121.002224,g0502
PH1380606152,Barangay 546,Manila,892,0.0,1547,0.0,0,14.607882,121.002882,g0502
PH1380606153,Barangay 547,Manila,1059,0.0,1547,0.0,0,14.611428,121.001029,g0502
PH1380606154,Barangay 548,Manila,749,7.8,1116,0.206315,155,14.611074,120.999824,g0502
PH1380606155,Barangay 549,Manila,867,0.0,1547,0.0,0,14.609789,121.003669,g0502
PH1380606156,Barangay 550,Manila,992,0.0,1547,0.0,0,14.608355,121.001346,g0502
PH1380606157,Barangay 551,Manila,959,0.3,1511,0.009108,9,14.607301,121.002372,g0502
PH1380606158,Barangay 552,Manila,937,0.0,1547,0.0,0,14.608991,121.00315,g0502
PH1380606159,Barangay 553,Manila,1430,0.0,1547,0.0,0,14.609371,121.00184,g0502
PH1380606160,Barangay 554,Manila,1551,0.0,1547,0.0,0,14.61018,121.001136,g0502
PH1380606161,Barangay 555,Manila,1138,0.1,1534,0.002929,3,14.611383,121.007962,g0502
PH1380606162,Barangay 556,Manila,822,1.8,1399,0.047411,39,14.611082,121.007638,g0502
PH1380606163,Barangay 557,Manila,1262,0.0,1547,0.0,0,14.610833,121.007384,g0502
PH1380606164,Barangay 558,Manila,1260,0.0,1547,0.000623,1,14.610611,121.007109,g0502
PH1380606165,Barangay 559,Manila,1285,3.8,1302,0.098877,127,14.610363,121.006848,g0502
PH1380606166,Barangay 560,Manila,1103,0.0,1547,0.0,0,14.609895,121.009584,g0502
PH1380606167,Barangay 561,Manila,2332,5.5,1209,0.138763,324,14.610029,121.006558,g0502
PH1380606168,Barangay 562,Manila,2583,4.8,1244,0.119271,308,14.609606,121.006228,g0502
PH1380606169,Barangay 563,Manila,1526,2.5,1363,0.065534,100,14.609284,121.005933,g0502
PH1380606170,Barangay 564,Manila,1430,2.9,1345,0.075245,108,14.609016,121.005694,g0502
PH1380606171,Barangay 565,Manila,2464,12.1,967,0.304299,750,14.608082,121.006117,g0502
PH1380606172,Barangay 566,Manila,2160,18.3,772,0.462244,998,14.607989,121.008026,g0502
PH1380606173,Barangay 567,Manila,2318,18.3,772,0.460777,1068,14.607747,121.005599,g0502
PH1380606174,Barangay 568,Manila,1847,8.9,1060,0.228024,421,14.609092,121.008924,g0502
PH1380606175,Barangay 569,Manila,2086,0.4,1502,0.009617,20,14.604981,121.00807,g0502
PH1380606176,Barangay 570,Manila,2002,0.2,1519,0.00575,12,14.604102,121.006751,g0502
PH1380606177,Barangay 571,Manila,2097,12.3,955,0.310731,652,14.605116,121.00557,g0502
PH1380606178,Barangay 572,Manila,1856,31.6,505,0.808089,1500,14.606115,121.006334,g0502
PH1380606179,Barangay 573,Manila,947,0.0,1547,0.0,0,14.607058,121.003839,g0502
PH1380606180,Barangay 574,Manila,1479,25.8,605,0.665841,985,14.606227,121.004748,g0502
PH1380606181,Barangay 575,Manila,1007,32.3,492,0.845154,851,14.606979,121.005348,g0502
PH1380606182,Barangay 576,Manila,3603,13.5,911,0.327636,1180,14.605382,121.00405,g0502
PH1380606183,Barangay 577,Manila,985,1.0,1449,0.027407,27,14.607931,121.004273,g0502
PH1380606184,Barangay 578,Manila,1100,0.0,1547,0.0,0,14.603929,121.009098,g0502
PH1380606185,Barangay 579,Manila,1703,0.8,1468,0.01999,34,14.602765,121.00928,g0502
PH1380606186,Barangay 580,Manila,2008,1.4,1423,0.035209,71,14.604082,121.007357,g0502
PH1380606187,Barangay 581,Manila,2461,0.7,1479,0.017627,43,14.604891,121.010451,g0502
PH1380606188,Barangay 582,Manila,1563,0.0,1547,0.0,0,14.609071,121.01068,g0502
PH1380606189,Barangay 583,Manila,1278,13.5,911,0.351169,449,14.608465,121.009944,g0502
PH1380606190,Barangay 584,Manila,3411,4.5,1257,0.109358,373,14.607264,121.011811,g0502
PH1380606191,Barangay 585,Manila,1090,0.6,1484,0.014641,16,14.604739,121.013143,g0502
PH1380606192,Barangay 586,Manila,5105,3.2,1331,0.075117,383,14.604367,121.015244,g0502
PH1380606193,Barangay 587,Manila,2920,0.5,1491,0.012837,37,14.601173,121.014058,g0502
PH1380606194,Barangay 587-A,Manila,1277,5.5,1209,0.143412,183,14.602024,121.015462,g0502
PH1380606195,Barangay 588,Manila,989,34.7,432,0.844303,835,14.60074,121.016053,g0502
PH1380606196,Barangay 589,Manila,660,2.1,1387,0.055079,36,14.598718,121.016698,g0502
PH1380606197,Barangay 590,Manila,3209,0.0,1547,0.0,0,14.59816,121.014449,g0502
PH1380606198,Barangay 591,Manila,2498,0.0,1547,0.0,0,14.599107,121.014411,g0502
PH1380606199,Barangay 592,Manila,2371,0.0,1547,0.000496,1,14.600489,121.012125,g0502
PH1380606200,Barangay 593,Manila,1775,0.0,1547,0.0,0,14.601502,121.010749,g0502
PH1380606201,Barangay 594,Manila,636,33.0,475,0.873034,555,14.603261,121.01709,g0502
PH1380606202,Barangay 595,Manila,4198,31.3,508,0.747973,3140,14.602472,121.018369,g0502
PH1380606203,Barangay 596,Manila,2375,36.8,360,0.925231,2197,14.601454,121.017226,g0502
PH1380606204,Barangay 597,Manila,1672,38.5,194,0.988511,1653,14.60102,121.018455,g0502
PH1380606205,Barangay 598,Manila,12027,50.9,25,1.0,12027,14.600063,121.020411,g0502
PH1380606206,Barangay 599,Manila,4272,26.8,591,0.639249,2731,14.599591,121.017948,g0502
PH1380606207,Barangay 600,Manila,5892,11.5,989,0.261813,1543,14.5982,121.019255,g0502
PH1380606208,Barangay 601,Manila,7759,27.4,576,0.5963,4627,14.597948,121.021631,g0502
PH1380606209,Barangay 602,Manila,2000,31.0,512,0.787736,1575,14.59613,121.023759,g0502
PH1380606210,Barangay 603,Manila,712,0.0,1547,0.0,0,14.596617,121.017523,g0502
PH1380606211,Barangay 604,Manila,1477,35.2,420,0.909585,1343,14.593984,121.022228,g0502
PH1380606212,Barangay 605,Manila,1751,4.1,1278,0.105052,184,14.595462,121.020224,g0502
PH1380606213,Barangay 606,Manila,532,27.3,577,0.6593,351,14.594684,121.022664,g0502
PH1380606214,Barangay 607,Manila,1782,21.0,713,0.537689,958,14.593579,121.024783,g0502
PH1380606215,Barangay 608,Manila,756,37.9,266,0.999956,756,14.591562,121.022457,g0502
PH1380606216,Barangay 609,Manila,1046,39.5,117,1.0,1046,14.591601,121.020748,g0502
PH1380606217,Barangay 610,Manila,968,38.1,242,1.0,968,14.593202,121.018402,g0502
PH1380606218,Barangay 611,Manila,808,34.7,432,0.849349,686,14.595366,121.016374,g0502
PH1380606219,Barangay 612,Manila,703,37.4,324,0.988226,695,14.594374,121.019977,g0502
PH1380606220,Barangay 613,Manila,568,37.6,303,0.997546,567,14.593524,121.019752,g0502
PH1380606221,Barangay 614,Manila,404,37.5,310,1.0,404,14.593472,121.018934,g0502
PH1380606222,Barangay 615,Manila,1828,13.4,916,0.342227,626,14.595334,121.018473,g0502
PH1380606223,Barangay 616,Manila,910,38.1,242,1.0,910,14.593735,121.019926,g0502
PH1380606224,Barangay 617,Manila,921,38.1,242,1.0,921,14.592596,121.022388,g0502
PH1380606225,Barangay 618,Manila,740,37.5,310,0.989319,732,14.591238,121.023092,g0502
PH1380606226,Barangay 619,Manila,1283,39.5,117,0.995024,1277,14.592034,121.016255,g0502
PH1380606227,Barangay 620,Manila,725,37.9,266,1.0,725,14.589913,121.020552,g0502
PH1380606228,Barangay 621,Manila,1787,18.1,776,0.462845,827,14.595899,121.014085,g0502
PH1380606229,Barangay 622,Manila,1197,38.4,209,1.0,1197,14.590989,121.018687,g0502
PH1380606230,Barangay 623,Manila,954,38.1,242,1.0,954,14.589399,121.019299,g0502
PH1380606231,Barangay 624,Manila,1429,39.9,95,1.0,1429,14.590335,121.018572,g0502
PH1380606232,Barangay 625,Manila,1027,38.2,231,0.999968,1027,14.589033,121.017576,g0502
PH1380606233,Barangay 626,Manila,1285,37.4,324,0.972551,1250,14.600831,121.00536,g0502
PH1380606234,Barangay 627,Manila,1605,28.4,558,0.73014,1172,14.600884,121.007127,g0502
PH1380606235,Barangay 628,Manila,15202,30.2,532,0.55292,8405,14.598681,121.006387,g0502
PH1380606236,Barangay 629,Manila,1633,15.9,850,0.409253,668,14.601046,121.009086,g0502
PH1380606237,Barangay 630,Manila,4660,24.8,630,0.585851,2730,14.59729,121.010776,g0502
PH1380606238,Barangay 631,Manila,1254,34.1,451,0.82223,1031,14.60023,121.003822,g0502
PH1380606239,Barangay 632,Manila,254,25.0,625,0.670493,170,14.599748,121.002917,g0502
PH1380606240,Barangay 633,Manila,447,33.7,459,0.898795,402,14.599903,121.002493,g0502
PH1380606241,Barangay 634,Manila,1319,41.1,62,0.939213,1239,14.600324,121.00077,g0502
PH1380606242,Barangay 635,Manila,660,39.7,109,0.986422,651,14.598562,121.000705,g0502
PH1380606243,Barangay 636,Manila,2135,34.4,446,0.872253,1862,14.597093,121.00141,g0502
PH1380607001,Barangay 637,Manila,1295,36.9,356,0.957116,1239,14.599507,120.997293,g0502
PH1380607002,Barangay 638,Manila,545,38.5,194,0.989475,539,14.599042,120.994021,g0502
PH1380607003,Barangay 639,Manila,490,38.8,167,1.0,490,14.596634,120.996173,g0502
PH1380607004,Barangay 640,Manila,2145,39.3,131,0.996234,2137,14.598052,120.997912,g0502
PH1380607005,Barangay 641,Manila,763,37.8,280,0.965123,736,14.597687,120.9922,g0502
PH1380607006,Barangay 642,Manila,1279,38.3,220,0.995657,1273,14.595908,120.992752,g0502
PH1380607007,Barangay 643,Manila,657,37.1,344,0.982873,646,14.594473,120.993951,g0502
PH1380607008,Barangay 644,Manila,729,35.2,420,0.9304,678,14.593339,120.992219,g0502
PH1380607009,Barangay 645,Manila,1704,40.0,92,0.993248,1692,14.592414,120.991165,g0502
PH1380607010,Barangay 646,Manila,918,38.5,194,0.977722,898,14.592436,120.988382,g0502
PH1380607011,Barangay 647,Manila,2440,39.4,124,0.988742,2413,14.593639,120.985131,g0502
PH1380607012,Barangay 648,Manila,5634,32.7,482,0.750512,4228,14.593812,120.986999,g0502
PH1380608001,Barangay 659,Manila,361,37.0,352,0.956543,345,14.588857,120.982968,g0502
PH1380608002,Barangay 659-A,Manila,2607,34.7,432,0.865872,2257,14.593287,120.981531,g0502
PH1380608003,Barangay 660,Manila,332,36.5,378,0.976912,324,14.587296,120.984465,g0502
PH1380608004,Barangay 660-A,Manila,2457,29.8,540,0.715728,1759,14.584507,120.984976,g0502
PH1380608005,Barangay 661,Manila,441,35.5,411,0.945588,417,14.588276,120.988185,g0502
PH1380608008,Barangay 666,Manila,810,19.9,745,0.393734,319,14.582109,120.978545,g0502
PH1380608009,Barangay 667,Manila,2371,4.5,1257,0.113326,269,14.577919,120.979248,g0502
PH1380608010,Barangay 668,Manila,2645,3.3,1325,0.082575,218,14.575235,120.981302,g0502
PH1380608011,Barangay 669,Manila,2928,13.2,920,0.265651,778,14.576952,120.985089,g0502
PH1380608012,Barangay 670,Manila,2774,24.3,643,0.573657,1591,14.580223,120.983603,g0502
PH1380608013,Barangay 663,Manila,604,37.2,338,0.987275,596,14.589469,120.986544,g0502
PH1380608014,Barangay 663-A,Manila,403,37.1,344,0.989373,399,14.590615,120.988658,g0502
PH1380608015,Barangay 664,Manila,456,30.3,529,0.806835,368,14.585471,120.987809,g0502
PH1380609001,Barangay 654,Manila,1042,9.4,1050,0.246084,256,14.592804,120.976763,g0502
PH1380609002,Barangay 655,Manila,1607,2.2,1382,0.05694,92,14.590755,120.973665,g0501
PH1380609003,Barangay 656,Manila,364,13.1,922,0.351106,128,14.594042,120.972337,g0501
PH1380609004,Barangay 657,Manila,982,17.9,784,0.469686,461,14.586543,120.977704,g0502
PH1380609005,Barangay 658,Manila,2108,12.6,940,0.28704,605,14.589628,120.976917,g0502
PH1380610004,Barangay 689,Manila,733,6.1,1184,0.161036,118,14.573773,120.992715,g0402
PH1380610005,Barangay 690,Manila,496,8.4,1075,0.222449,110,14.573977,120.991751,g0402
PH1380610006,Barangay 691,Manila,409,0.0,1547,0.0,0,14.572626,120.992508,g0402
PH1380610007,Barangay 692,Manila,1329,6.9,1146,0.178984,238,14.57184,120.991579,g0402
PH1380610008,Barangay 693,Manila,511,3.9,1292,0.103637,53,14.573437,120.990727,g0402
PH1380610009,Barangay 694,Manila,1281,27.7,569,0.718933,921,14.575372,120.990035,g0502
PH1380610010,Barangay 695,Manila,654,17.6,792,0.466822,305,14.576261,120.99182,g0502
PH1380610011,Barangay 696,Manila,2420,8.9,1060,0.223246,540,14.573861,120.988627,g0402
PH1380610012,Barangay 697,Manila,1967,8.9,1060,0.225799,444,14.573158,120.987135,g0402
PH1380610013,Barangay 698,Manila,1736,16.1,843,0.41352,718,14.572463,120.985689,g0402
PH1380610014,Barangay 699,Manila,3193,0.2,1519,0.006049,19,14.571425,120.983362,g0402
PH1380610015,Barangay 700,Manila,138,2.0,1393,0.054762,8,14.56908,120.984897,g0402
PH1380610016,Barangay 701,Manila,2695,0.6,1484,0.014356,39,14.566733,120.985634,g0402
PH1380610017,Barangay 702,Manila,3342,21.0,713,0.51328,1715,14.570027,120.987577,g0402
PH1380610018,Barangay 703,Manila,114,1.0,1449,0.026095,3,14.570989,120.989893,g0402
PH1380610019,Barangay 704,Manila,5299,8.1,1096,0.188262,998,14.567869,120.987981,g0402
PH1380610020,Barangay 705,Manila,2683,8.2,1084,0.205283,551,14.568473,120.988748,g0402
PH1380610021,Barangay 706,Manila,296,5.7,1204,0.151799,45,14.569273,120.989925,g0402
PH1380610022,Barangay 707,Manila,1052,6.8,1152,0.176734,186,14.568089,120.990369,g0402
PH1380610023,Barangay 708,Manila,753,1.1,1440,0.027724,21,14.566463,120.992007,g0402
PH1380610024,Barangay 709,Manila,4154,5.1,1229,0.123128,511,14.567819,120.992314,g0402
PH1380610025,Barangay 710,Manila,559,11.8,976,0.314513,176,14.567449,120.990106,g0402
PH1380610026,Barangay 711,Manila,1294,5.0,1234,0.130442,169,14.566657,120.990648,g0402
PH1380610027,Barangay 712,Manila,1068,3.3,1325,0.085252,91,14.567609,120.991229,g0402
PH1380610028,Barangay 713,Manila,1964,9.0,1056,0.229806,451,14.566202,120.991468,g0402
PH1380610029,Barangay 714,Manila,1371,1.5,1416,0.039048,54,14.568658,120.990968,g0402
PH1380610030,Barangay 715,Manila,180,8.2,1084,0.221484,40,14.565918,120.99062,g0402
PH1380610031,Barangay 716,Manila,920,8.7,1068,0.228342,210,14.565723,120.991253,g0402
PH1380610032,Barangay 717,Manila,479,26.9,588,0.716826,343,14.565674,120.991833,g0402
PH1380610033,Barangay 718,Manila,1155,17.3,804,0.450624,520,14.56519,120.991606,g0402
PH1380610034,Barangay 719,Manila,6690,12.1,967,0.269943,1806,14.561888,120.990616,g0402
PH1380610035,Barangay 720,Manila,1238,18.4,770,0.478956,593,14.563962,120.989546,g0402
PH1380610036,Barangay 721,Manila,577,13.6,909,0.36011,208,14.56484,120.987854,g0402
PH1380610037,Barangay 722,Manila,641,0.0,1547,0.000669,0,14.572031,120.994049,g0402
PH1380610038,Barangay 723,Manila,540,4.0,1287,0.107436,58,14.57113,120.992892,g0402
PH1380610039,Barangay 724,Manila,2338,2.4,1372,0.059768,140,14.569547,120.994228,g0402
PH1380610040,Barangay 725,Manila,1409,8.0,1103,0.174818,246,14.568114,120.993101,g0402
PH1380610041,Barangay 726,Manila,595,4.2,1270,0.111965,67,14.56747,120.995156,g0402
PH1380610042,Barangay 727,Manila,1790,5.2,1223,0.132599,237,14.56573,120.995402,g0402
PH1380610043,Barangay 728,Manila,840,12.3,955,0.324059,272,14.56412,120.996187,g0402
PH1380610044,Barangay 729,Manila,871,10.3,1025,0.269901,235,14.561886,120.996081,g0402
PH1380610045,Barangay 730,Manila,1539,3.4,1322,0.086895,134,14.562559,120.997551,g0402
PH1380610046,Barangay 731,Manila,2916,18.5,768,0.459072,1339,14.570713,120.996596,g0402
PH1380610047,Barangay 732,Manila,1974,28.3,560,0.688766,1360,14.570146,120.997591,g0402
PH1380610048,Barangay 733,Manila,4303,35.2,420,0.839228,3611,14.567367,120.997008,g0402
PH1380610052,Barangay 738,Manila,3047,12.6,940,0.309732,944,14.573021,120.998142,g0402
PH1380610053,Barangay 739,Manila,4530,13.0,925,0.306653,1389,14.571617,120.997938,g0402
PH1380610054,Barangay 740,Manila,4138,3.8,1302,0.090011,372,14.573043,120.996459,g0402
PH1380610055,Barangay 741,Manila,1207,6.8,1152,0.17683,213,14.57424,120.996295,g0402
PH1380610056,Barangay 742,Manila,807,11.3,998,0.298859,241,14.574118,120.995408,g0402
PH1380610057,Barangay 743,Manila,1607,3.9,1292,0.101064,162,14.572803,120.995048,g0402
PH1380610058,Barangay 744,Manila,1223,15.8,853,0.379282,464,14.570159,120.995762,g0402
PH1380610059,Barangay 688,Manila,1212,12.7,938,0.331809,402,14.574527,120.993672,g0402
PH1380610060,Barangay 735,Manila,2063,24.7,632,0.627183,1294,14.575102,120.997544,g0502
PH1380610061,Barangay 736,Manila,3806,27.7,569,0.668373,2544,14.575013,120.996263,g0502
PH1380610062,Barangay 737,Manila,2209,6.1,1184,0.153,338,14.57408,120.997968,g0402
PH1380610063,Barangay 734,Manila,902,6.7,1157,0.17618,159,14.576149,120.996887,g0502
PH1380611001,Barangay 662,Manila,1601,37.1,344,0.954392,1528,14.588385,120.992931,g0502
PH1380611004,Barangay 664-A,Manila,640,37.7,293,0.998738,639,14.586779,120.991028,g0502
PH1380611005,Barangay 671,Manila,1227,38.4,209,0.967634,1187,14.581665,120.993109,g0502
PH1380611006,Barangay 672,Manila,3133,39.5,117,0.971547,3044,14.583309,120.99178,g0502
PH1380611007,Barangay 673,Manila,2764,33.3,468,0.828444,2290,14.579771,120.992305,g0502
PH1380611008,Barangay 674,Manila,1398,24.7,632,0.606471,848,14.581995,120.98883,g0502
PH1380611009,Barangay 675,Manila,1988,27.0,582,0.623092,1239,14.577645,120.990183,g0502
PH1380611010,Barangay 676,Manila,1431,25.1,621,0.520152,744,14.579652,120.987836,g0502
PH1380611011,Barangay 677,Manila,1591,38.1,242,0.979765,1559,14.583609,120.993988,g0502
PH1380611012,Barangay 678,Manila,1294,39.4,124,0.991828,1283,14.582688,120.995813,g0502
PH1380611013,Barangay 679,Manila,931,30.4,526,0.797809,743,14.579743,120.994387,g0502
PH1380611014,Barangay 680,Manila,968,38.1,242,1.0,968,14.580791,120.996219,g0502
PH1380611015,Barangay 681,Manila,1094,39.5,117,1.0,1094,14.579433,120.996283,g0502
PH1380611016,Barangay 682,Manila,822,31.0,512,0.815422,670,14.580454,120.998195,g0502
PH1380611017,Barangay 683,Manila,784,36.2,389,0.95499,749,14.577402,120.995673,g0502
PH1380611018,Barangay 684,Manila,2730,38.5,194,0.957904,2615,14.577644,120.994736,g0502
PH1380611019,Barangay 685,Manila,1044,32.8,478,0.857738,895,14.577762,120.996774,g0502
PH1380611023,Barangay 809,Manila,1189,39.0,154,0.984683,1171,14.576898,120.99983,g0502
PH1380611024,Barangay 810,Manila,2293,39.6,113,0.997827,2288,14.575915,120.999533,g0502
PH1380611025,Barangay 811,Manila,2332,14.6,874,0.367005,856,14.577531,120.99826,g0502
PH1380611026,Barangay 812,Manila,1703,38.9,161,0.966782,1646,14.57796,121.002259,g0502
PH1380611027,Barangay 813,Manila,1001,37.7,293,0.987426,988,14.5777,121.000763,g0502
PH1380611028,Barangay 814,Manila,2196,34.9,425,0.882835,1939,14.579594,121.001272,g0502
PH1380611029,Barangay 815,Manila,1374,32.6,484,0.844003,1160,14.579896,121.000631,g0502
PH1380611030,Barangay 816,Manila,781,37.3,331,0.984233,769,14.579393,121.002601,g0502
PH1380611031,Barangay 817,Manila,1716,30.1,534,0.772025,1325,14.579096,121.001658,g0502
PH1380611032,Barangay 818,Manila,1388,38.6,185,1.0,1388,14.581537,121.003614,g0502
PH1380611034,Barangay 819,Manila,2007,39.3,131,1.0,2007,14.580353,121.004105,g0502
PH1380611035,Barangay 820,Manila,1417,38.6,185,0.997785,1414,14.580646,121.002775,g0502
PH1380611036,Barangay 821,Manila,1995,39.3,131,0.99972,1994,14.582901,120.998366,g0502
PH1380611037,Barangay 822,Manila,897,37.8,280,0.992637,890,14.583828,120.999123,g0502
PH1380611038,Barangay 823,Manila,3002,39.4,124,0.972616,2920,14.583168,121.000164,g0502
PH1380611039,Barangay 824,Manila,1302,24.1,646,0.592902,772,14.582114,120.999195,g0502
PH1380611040,Barangay 825,Manila,388,20.1,737,0.536747,208,14.580926,121.000424,g0502
PH1380611041,Barangay 826,Manila,1760,39.1,145,1.0,1760,14.585052,120.998716,g0502
PH1380611042,Barangay 827,Manila,2661,39.3,131,0.948237,2523,14.584746,120.99653,g0502
PH1380611043,Barangay 828,Manila,2658,40.1,87,1.0,2658,14.586779,120.998268,g0502
PH1380611044,Barangay 829,Manila,4226,27.0,582,0.645234,2727,14.589791,120.996101,g0502
PH1380611045,Barangay 830,Manila,5191,37.5,310,0.842292,4372,14.593714,120.99837,g0502
PH1380611046,Barangay 831,Manila,3350,32.1,498,0.784258,2627,14.588445,120.997909,g0502
PH1380611047,Barangay 832,Manila,2888,35.5,411,0.878591,2537,14.591588,121.001405,g0502
PH1380611048,Barangay 686,Manila,3250,25.4,614,0.623749,2027,14.576142,120.994627,g0502
PH1380611049,Barangay 687,Manila,1434,23.5,662,0.608339,872,14.576823,120.993146,g0502
PH1380612001,Barangay 833,Manila,1504,40.3,81,0.976618,1469,14.594853,121.00391,g0502
PH1380612002,Barangay 834,Manila,1733,38.4,209,0.985291,1708,14.594635,121.007069,g0502
PH1380612003,Barangay 835,Manila,2706,40.8,73,0.986417,2669,14.591719,121.007812,g0502
PH1380612004,Barangay 836,Manila,5317,39.1,145,0.905605,4815,14.593863,121.010833,g0502
PH1380612005,Barangay 837,Manila,3039,39.6,113,0.976706,2968,14.592299,121.013543,g0502
PH1380612006,Barangay 838,Manila,2969,29.1,548,0.719016,2135,14.592839,121.011824,g0502
PH1380612007,Barangay 839,Manila,2007,40.9,68,0.976084,1959,14.590803,121.013455,g0502
PH1380612008,Barangay 840,Manila,2541,40.0,92,1.0,2541,14.591342,121.011226,g0502
PH1380612009,Barangay 841,Manila,2250,39.6,113,1.0,2250,14.585935,120.999748,g0502
PH1380612010,Barangay 842,Manila,2812,41.5,57,1.0,2812,14.586722,121.000964,g0502
PH1380612011,Barangay 843,Manila,8744,47.1,33,1.0,8744,14.58775,120.999203,g0502
PH1380612012,Barangay 844,Manila,3500,26.7,594,0.651062,2279,14.588348,121.000739,g0502
PH1380612013,Barangay 845,Manila,1309,35.3,418,0.884181,1157,14.58866,121.001518,g0502
PH1380612014,Barangay 846,Manila,1848,30.3,529,0.773142,1429,14.589217,121.002239,g0502
PH1380612015,Barangay 847,Manila,2883,41.1,62,0.987392,2847,14.590455,121.003307,g0502
PH1380612016,Barangay 848,Manila,1586,40.1,87,1.0,1586,14.591814,121.004212,g0502
PH1380612017,Barangay 849,Manila,1849,37.5,310,0.958511,1772,14.584448,121.000314,g0502
PH1380612018,Barangay 850,Manila,2456,39.0,154,0.979278,2405,14.584948,121.001122,g0502
PH1380612019,Barangay 851,Manila,1052,24.4,641,0.638078,671,14.584359,121.001738,g0502
PH1380612020,Barangay 852,Manila,1118,38.3,220,1.0,1118,14.583804,121.001086,g0502
PH1380612021,Barangay 853,Manila,505,26.9,588,0.714596,361,14.583109,121.000979,g0502
PH1380612023,Barangay 855,Manila,2142,30.0,536,0.760151,1628,14.584949,121.002704,g0502
PH1380612024,Barangay 856,Manila,1611,40.0,92,0.99778,1607,14.587581,121.002661,g0502
PH1380612025,Barangay 857,Manila,1894,36.3,384,0.926237,1754,14.585767,121.003665,g0502
PH1380612026,Barangay 858,Manila,665,37.8,280,1.0,665,14.588323,121.003452,g0502
PH1380612027,Barangay 859,Manila,1355,36.8,360,0.954375,1293,14.587629,121.004243,g0502
PH1380612028,Barangay 860,Manila,3214,40.7,76,1.0,3214,14.58956,121.006803,g0502
PH1380612029,Barangay 861,Manila,1072,38.3,220,1.0,1072,14.590452,121.0071,g0502
PH1380612030,Barangay 862,Manila,2419,41.0,65,0.9977,2413,14.588164,121.005635,g0502
PH1380612031,Barangay 863,Manila,1481,38.7,178,0.998315,1479,14.58938,121.004859,g0502
PH1380612032,Barangay 864,Manila,813,35.1,424,0.923512,751,14.586914,121.00477,g0502
PH1380612033,Barangay 865,Manila,79,30.7,520,0.828402,65,14.588682,121.00893,g0502
PH1380612034,Barangay 867,Manila,2116,39.4,124,0.999629,2115,14.583905,121.005002,g0502
PH1380612035,Barangay 868,Manila,2850,26.9,588,0.667924,1904,14.584478,121.004152,g0502
PH1380612036,Barangay 870,Manila,3049,40.5,78,1.0,3049,14.58266,121.004934,g0502
PH1380612037,Barangay 871,Manila,2407,39.8,101,1.0,2407,14.582778,121.003823,g0502
PH1380612038,Barangay 872,Manila,1864,30.5,524,0.777927,1450,14.582857,121.002724,g0502
PH1380612039,Barangay 869,Manila,2010,33.8,457,0.859886,1728,14.580251,121.005065,g0502
PH1380613001,Barangay 649,Manila,64750,1.2,1435,0.010314,668,14.590765,120.96191,g0501
PH1380613002,Barangay 650,Manila,5202,4.5,1257,0.104229,542,14.589161,120.968534,g0501
PH1380613003,Barangay 651,Manila,2556,4.2,1270,0.104881,268,14.587463,120.970009,g0501
PH1380613004,Barangay 652,Manila,39,2.0,1393,0.055226,2,14.58561,120.971453,g0501
PH1380613005,Barangay 653,Manila,58,1.5,1416,0.03991,2,14.583381,120.970733,g0501
PH1380614002,Barangay 745,Manila,2015,14.5,878,0.368933,743,14.567731,120.998422,g0402
PH1380614003,Barangay 746,Manila,1663,32.0,500,0.821679,1366,14.566812,120.998656,g0402
PH1380614004,Barangay 747,Manila,369,12.6,940,0.337286,124,14.569864,121.000644,g0402
PH1380614005,Barangay 748,Manila,812,10.0,1037,0.262968,214,14.568908,121.000406,g0402
PH1380614006,Barangay 749,Manila,616,9.6,1044,0.2532,156,14.568378,121.001404,g0402
PH1380614007,Barangay 750,Manila,1107,14.9,866,0.389018,431,14.571515,120.999493,g0402
PH1380614008,Barangay 751,Manila,1541,23.5,662,0.606812,935,14.569905,120.999215,g0402
PH1380614009,Barangay 752,Manila,763,4.1,1278,0.108111,82,14.567855,120.999979,g0402
PH1380614010,Barangay 753,Manila,2380,21.5,703,0.541433,1289,14.569295,120.998459,g0402
PH1380614011,Barangay 755,Manila,1372,34.5,443,0.893869,1226,14.563134,120.998966,g0402
PH1380614012,Barangay 756,Manila,721,34.8,428,0.91809,662,14.564018,121.000061,g0402
PH1380614013,Barangay 757,Manila,477,31.2,509,0.830216,396,14.564706,121.001007,g0402
PH1380614014,Barangay 758,Manila,399,20.0,742,0.532859,213,14.565498,121.002082,g0402
PH1380614015,Barangay 759,Manila,787,13.7,906,0.361851,285,14.566784,121.001823,g0402
PH1380614016,Barangay 760,Manila,1041,25.9,603,0.678005,706,14.566185,121.000567,g0402
PH1380614017,Barangay 761,Manila,1062,36.1,398,0.942781,1001,14.56556,120.999329,g0402
PH1380614018,Barangay 762,Manila,365,36.2,389,0.966778,353,14.564961,120.998174,g0402
PH1380614019,Barangay 763,Manila,1779,5.6,1206,0.142492,253,14.568785,121.004689,g0402
PH1380614020,Barangay 764,Manila,2022,11.1,1002,0.281139,568,14.56751,121.003406,g0402
PH1380614021,Barangay 765,Manila,2075,1.7,1405,0.042251,88,14.569759,121.005669,g0402
PH1380614022,Barangay 766,Manila,3101,0.0,1547,0.0,0,14.570595,121.006524,g0402
PH1380614023,Barangay 767,Manila,5429,0.0,1547,0.0,0,14.571335,121.004857,g0402
PH1380614024,Barangay 768,Manila,1147,16.8,821,0.437239,502,14.570069,121.003599,g0402
PH1380614025,Barangay 769,Manila,1997,19.3,755,0.490435,979,14.56897,121.002471,g0402
PH1380614026,Barangay 770,Manila,9651,0.0,1547,0.0,0,14.572842,121.008357,g0402
PH1380614027,Barangay 771,Manila,1813,0.0,1547,0.000123,0,14.573753,121.004897,g0402
PH1380614028,Barangay 772,Manila,2426,0.0,1547,0.0,0,14.573845,121.006241,g0402
PH1380614029,Barangay 773,Manila,2748,0.0,1547,0.0,0,14.574424,121.00669,g0402
PH1380614030,Barangay 774,Manila,2878,0.2,1519,0.005313,15,14.575532,121.006643,g0502
PH1380614031,Barangay 775,Manila,12084,0.0,1547,0.0,0,14.571926,121.006722,g0402
PH1380614032,Barangay 776,Manila,4592,12.0,973,0.284366,1306,14.575122,121.009364,g0502
PH1380614033,Barangay 777,Manila,3011,13.2,920,0.296391,892,14.576529,121.007472,g0502
PH1380614034,Barangay 778,Manila,1848,0.0,1547,0.0,0,14.573662,121.010311,g0402
PH1380614035,Barangay 779,Manila,4444,0.9,1457,0.022101,98,14.574584,121.008532,g0402
PH1380614036,Barangay 780,Manila,2316,36.7,367,0.925043,2142,14.5769,121.009667,g0502
PH1380614037,Barangay 781,Manila,4275,24.6,635,0.586975,2509,14.5778,121.008666,g0502
PH1380614038,Barangay 782,Manila,1483,38.4,209,0.992004,1471,14.576057,121.010454,g0502
PH1380614039,Barangay 783,Manila,2145,32.9,477,0.83348,1788,14.575142,121.011242,g0502
PH1380614040,Barangay 784,Manila,3386,39.8,101,0.972431,3293,14.57624,121.003248,g0502
PH1380614041,Barangay 785,Manila,932,14.2,888,0.373186,348,14.575258,121.004111,g0502
PH1380614042,Barangay 786,Manila,1439,27.7,569,0.716432,1031,14.575193,121.00297,g0502
PH1380614043,Barangay 787,Manila,3622,37.5,310,0.909181,3293,14.576838,121.003871,g0502
PH1380614044,Barangay 788,Manila,969,38.1,242,1.0,969,14.578046,121.003383,g0502
PH1380614045,Barangay 789,Manila,1620,36.2,389,0.929901,1506,14.578115,121.004279,g0502
PH1380614046,Barangay 790,Manila,1741,17.9,784,0.457417,796,14.577203,121.005319,g0502
PH1380614047,Barangay 791,Manila,2029,22.7,677,0.577315,1171,14.577873,121.006257,g0502
PH1380614048,Barangay 792,Manila,2559,33.5,464,0.837418,2143,14.578727,121.007094,g0502
PH1380614049,Barangay 793,Manila,1722,34.9,425,0.894837,1541,14.57931,121.007133,g0502
PH1380614050,Barangay 794,Manila,710,21.9,693,0.579082,411,14.575561,121.001625,g0502
PH1380614051,Barangay 795,Manila,1157,33.4,467,0.871596,1008,14.575447,121.001104,g0502
PH1380614052,Barangay 796,Manila,631,34.6,439,0.915245,578,14.575327,121.000588,g0502
PH1380614053,Barangay 797,Manila,244,27.0,582,0.724731,177,14.574663,121.001193,g0402
PH1380614054,Barangay 798,Manila,1562,10.2,1027,0.263726,412,14.573915,121.000284,g0402
PH1380614055,Barangay 799,Manila,544,15.6,857,0.414725,226,14.574123,120.9995,g0402
PH1380614056,Barangay 800,Manila,1558,15.5,859,0.398718,621,14.574892,120.998672,g0402
PH1380614057,Barangay 801,Manila,614,13.5,911,0.358628,220,14.574197,121.002781,g0402
PH1380614058,Barangay 802,Manila,1787,2.1,1387,0.022031,39,14.573419,121.001984,g0402
PH1380614059,Barangay 803,Manila,1705,4.5,1257,0.116551,199,14.57223,121.000803,g0402
PH1380614060,Barangay 804,Manila,1251,0.0,1547,0.0,0,14.572879,121.004015,g0402
PH1380614061,Barangay 805,Manila,1237,0.0,1547,0.0,0,14.572165,121.003284,g0402
PH1380614062,Barangay 806,Manila,1603,5.2,1223,0.132509,212,14.571356,121.002485,g0402
PH1380614063,Barangay 807,Manila,2010,12.4,950,0.314193,632,14.570345,121.001513,g0402
PH1380614064,Barangay 866,Manila,3835,43.1,43,0.98064,3761,14.582835,121.006599,g0502
PH1380614066,Barangay 873,Manila,1248,45.9,35,1.0,1248,14.579842,121.012217,g0502
PH1380614067,Barangay 874,Manila,2016,39.3,131,1.0,2016,14.57746,121.011321,g0502
PH1380614068,Barangay 875,Manila,1022,38.2,231,1.0,1022,14.578518,121.012501,g0502
PH1380614069,Barangay 876,Manila,574,39.0,154,0.969207,556,14.58134,121.011322,g0502
PH1380614070,Barangay 877,Manila,1813,39.9,95,0.989619,1794,14.579787,121.00953,g0502
PH1380614071,Barangay 878,Manila,960,36.8,360,0.964496,926,14.579011,121.010044,g0502
PH1380614072,Barangay 879,Manila,538,38.3,220,0.950781,512,14.582046,121.012568,g0502
PH1380614073,Barangay 880,Manila,3417,45.0,37,0.978565,3344,14.580974,121.009087,g0502
PH1380614074,Barangay 881,Manila,2325,39.7,109,1.0,2325,14.576809,121.013097,g0502
PH1380614075,Barangay 882,Manila,1298,39.8,101,1.0,1298,14.578235,121.014376,g0502
PH1380614076,Barangay 883,Manila,2199,36.9,356,0.933612,2053,14.579368,121.015478,g0502
PH1380614077,Barangay 884,Manila,2216,38.1,242,0.931325,2064,14.580846,121.015244,g0502
PH1380614078,Barangay 885,Manila,623,28.0,565,0.741917,462,14.582253,121.014682,g0502
PH1380614079,Barangay 886,Manila,384,30.9,515,0.792403,304,14.582868,121.016252,g0502
PH1380614080,Barangay 887,Manila,665,36.6,373,0.934855,622,14.582943,121.017428,g0502
PH1380614081,Barangay 888,Manila,837,36.1,398,0.951033,796,14.584511,121.01893,g0502
PH1380614082,Barangay 889,Manila,864,37.0,352,0.94116,813,14.583735,121.013859,g0502
PH1380614083,Barangay 890,Manila,1049,30.0,536,0.784578,823,14.585031,121.015985,g0502
PH1380614084,Barangay 891,Manila,760,22.6,679,0.596849,454,14.586075,121.018332,g0502
PH1380614085,Barangay 892,Manila,1144,37.9,266,0.988033,1130,14.587057,121.021094,g0502
PH1380614086,Barangay 893,Manila,662,35.3,418,0.93419,618,14.590741,121.023792,g0502
PH1380614087,Barangay 894,Manila,1885,39.1,145,0.998398,1882,14.587823,121.020062,g0502
PH1380614088,Barangay 895,Manila,556,37.7,293,1.0,556,14.588716,121.021371,g0502
PH1380614089,Barangay 896,Manila,1265,38.2,231,0.993007,1256,14.587216,121.014221,g0502
PH1380614090,Barangay 897,Manila,2166,40.8,73,1.0,2166,14.58755,121.017621,g0502
PH1380614091,Barangay 898,Manila,7596,36.5,378,0.796098,6047,14.58762,121.012499,g0502
PH1380614092,Barangay 899,Manila,1562,38.8,167,0.99966,1561,14.586959,121.011162,g0502
PH1380614093,Barangay 900,Manila,8581,36.8,360,0.784181,6729,14.584004,121.011465,g0502
PH1380614094,Barangay 901,Manila,1610,38.9,161,1.0,1610,14.586832,121.010729,g0502
PH1380614095,Barangay 902,Manila,1328,39.8,101,1.0,1328,14.586765,121.01038,g0502
PH1380614096,Barangay 903,Manila,3691,41.3,59,1.0,3691,14.586656,121.009726,g0502
PH1380614097,Barangay 904,Manila,1797,38.8,167,0.992459,1783,14.58548,121.011247,g0502
PH1380614098,Barangay 905,Manila,7385,20.2,736,0.444491,3283,14.584606,121.00879,g0502
PH1380614099,Barangay 754,Manila,2584,24.9,628,0.621365,1606,14.568497,120.998148,g0402
PH1380614100,Barangay 808,Manila,2183,37.9,266,0.957625,2090,14.577361,120.999032,g0502
PH1380614101,Barangay 818-A,Manila,1574,38.8,167,1.0,1574,14.581553,121.004566,g0502
PH1380700001,Barangka,Marikina,16639,28.2,562,0.435061,7239,14.636616,121.08354,g0604
PH1380700002,Calumpang,Marikina,15602,58.0,17,0.941399,14688,14.624738,121.088286,g0504
PH1380700003,Concepcion Uno,Marikina,44683,80.1,7,0.77903,34809,14.651582,121.10576,g0604
PH1380700004,Jesus De La Peña,Marikina,10201,50.6,26,0.986911,10067,14.63334,121.091014,g0604
PH1380700005,Malanday,Marikina,53886,98.7,2,0.920405,49597,14.648223,121.093015,g0604
PH1380700006,Nangka,Marikina,43368,77.1,9,0.828618,35936,14.669458,121.108526,g0604
PH1380700007,Parang,Marikina,40240,22.3,684,0.267212,10753,14.661326,121.11344,g0604
PH1380700008,San Roque,Marikina,16949,68.3,10,0.988929,16761,14.625824,121.099641,g0604
PH1380700009,Santa Elena,Marikina,7403,55.9,21,0.982141,7271,14.632232,121.099528,g0604
PH1380700010,Santo Niño,Marikina,28849,94.3,3,0.989414,28544,14.63856,121.100744,g0604
PH1380700011,Tañong,Marikina,8902,48.5,29,0.998911,8892,14.631728,121.087029,g0604
PH1380700012,Concepcion Dos,Marikina,24023,26.8,591,0.35734,8584,14.640669,121.120066,g0604
PH1380700013,Marikina Heights,Marikina,42761,11.5,989,0.090517,3871,14.65106,121.120547,g0604
PH1380700014,Industrial Valley,Marikina,16461,24.6,635,0.416823,6861,14.6247,121.078413,g0504
PH1380700015,Fortune,Marikina,38624,17.5,798,0.214336,8279,14.660626,121.127663,g0605
PH1380700016,Tumana,Marikina,47468,61.1,13,0.62507,29671,14.658782,121.096134,g0604
PH1380800001,Alabang,Muntinlupa,71075,29.3,545,0.215224,15297,14.418289,121.041918,g0103
PH1380800002,Bayanan,Muntinlupa,39150,17.7,789,0.200715,7858,14.408187,121.045478,g0103
PH1380800003,Buli,Muntinlupa,13341,12.6,940,0.239737,3198,14.443322,121.049579,g0203
PH1380800004,Cupang,Muntinlupa,57196,26.2,601,0.218492,12497,14.433776,121.038432,g0203
PH1380800005,Poblacion,Muntinlupa,120115,13.5,911,0.069912,8397,14.3815,121.025279,g0103
PH1380800006,Putatan,Muntinlupa,99725,21.8,696,0.118894,11857,14.397504,121.03875,g0103
PH1380800007,Sucat,Muntinlupa,56354,13.3,918,0.130721,7367,14.455954,121.049274,g0203
PH1380800008,Tunasan,Muntinlupa,61374,4.0,1287,0.037263,2287,14.370416,121.032,g0003
PH1380800009,New Alabang Village,Muntinlupa,25115,6.3,1173,0.095866,2408,14.407358,121.022687,g0102
PH1380900001,Sipac-Almacen,Navotas,9163,10.1,1032,0.212621,1948,14.657645,120.94731,g0601
PH1380900002,Bagumbayan North,Navotas,1677,2.3,1377,0.059219,99,14.652132,120.949145,g0601
PH1380900003,Bagumbayan South,Navotas,4331,12.1,967,0.287055,1243,14.651375,120.950278,g0601
PH1380900004,Bangculasi,Navotas,8344,12.9,932,0.276832,2310,14.649043,120.952601,g0601
PH1380900005,Daanghari,Navotas,14348,4.1,1278,0.077393,1110,14.667659,120.941275,g0601
PH1380900006,Navotas East,Navotas,2126,10.1,1032,0.255591,543,14.654474,120.949551,g0601
PH1380900007,Navotas West,Navotas,6367,0.0,1547,0.0,0,14.654231,120.947616,g0601
PH1380900008,North Bay Boulevard North,Navotas,14743,0.9,1457,0.01653,244,14.646385,120.950222,g0601
PH1380900009,NBBS Kaunlaran,Navotas,21916,14.3,885,0.209464,4591,14.641288,120.957919,g0601
PH1380900010,San Jose,Navotas,23950,10.8,1011,0.166809,3995,14.662964,120.944216,g0601
PH1380900011,San Rafael Village,Navotas,3489,36.3,384,0.854753,2982,14.638389,120.96486,g0601
PH1380900012,San Roque,Navotas,19361,6.8,1152,0.114598,2219,14.670441,120.93897,g0601
PH1380900013,Tangos South,Navotas,18359,0.0,1547,0.0,0,14.671809,120.934432,g0601
PH1380900014,Tanza 1,Navotas,15319,11.7,982,0.213977,3278,14.695481,120.922674,g0700
PH1380900015,NBBS Dagat-dagatan,Navotas,32681,32.3,492,0.431858,14114,14.649029,120.957524,g0601
PH1380900016,NBBS Proper,Navotas,18217,0.9,1457,0.015992,291,14.639729,120.953697,g0601
PH1380900017,Tangos North,Navotas,17514,11.1,1002,0.194196,3401,14.674347,120.934227,g0601
PH1380900018,Tanza 2,Navotas,15638,6.9,1146,0.125279,1959,14.678717,120.932725,g0701
PH1381000001,Baclaran,Parañaque,33850,22.0,692,0.207591,7027,14.5281,120.990122,g0402
PH1381000002,Don Galo,Parañaque,10550,7.4,1127,0.125435,1323,14.506277,120.984652,g0302
PH1381000003,La Huerta,Parañaque,8592,33.1,473,0.65223,5604,14.500351,120.991935,g0302
PH1381000004,San Dionisio,Parañaque,72522,58.0,17,0.439312,31860,14.487043,120.992631,g0302
PH1381000005,Santo Niño,Parañaque,28925,36.2,389,0.462132,13367,14.502986,121.002235,g0302
PH1381000006,Tambo,Parañaque,26928,16.7,825,0.22702,6113,14.516813,120.989473,g0302
PH1381000007,B. F. Homes,Parañaque,92752,13.0,925,0.08141,7551,14.451068,121.024103,g0202
PH1381000008,Don Bosco,Parañaque,54188,12.4,950,0.099666,5401,14.482554,121.024852,g0302
PH1381000009,Marcelo Green Village,Parañaque,37574,4.6,1253,0.056922,2139,14.470948,121.039885,g0203
PH1381000010,Merville,Parañaque,26615,12.5,947,0.18405,4899,14.499552,121.026277,g0303
PH1381000011,Moonwalk,Parañaque,72520,50.4,27,0.406968,29513,14.489309,121.008469,g0302
PH1381000012,San Antonio,Parañaque,70134,18.0,779,0.152782,10715,14.465684,121.029498,g0203
PH1381000013,San Isidro,Parañaque,79372,42.3,50,0.309406,24558,14.468359,121.011416,g0202
PH1381000014,San Martin De Porres,Parañaque,20283,6.1,1184,0.081251,1648,14.490087,121.044188,g0303
PH1381000015,Sun Valley,Parañaque,50087,10.8,1011,0.11383,5701,14.491566,121.034718,g0303
PH1381000016,Vitalez,Parañaque,5100,21.8,696,0.480296,2450,14.508905,121.006233,g0302
PH1381100001,Barangay 1,Pasay City,2275,1.8,1399,0.04442,101,14.558572,120.988797,g0402
PH1381100002,Barangay 2,Pasay City,1327,1.8,1399,0.046812,62,14.557727,120.989172,g0402
PH1381100003,Barangay 3,Pasay City,824,3.9,1292,0.103412,85,14.556965,120.989474,g0402
PH1381100004,Barangay 4,Pasay City,2086,7.8,1116,0.196561,410,14.55613,120.989699,g0402
PH1381100005,Barangay 5,Pasay City,6081,5.0,1234,0.113995,693,14.555424,120.989979,g0402
PH1381100006,Barangay 6,Pasay City,463,6.0,1190,0.159734,74,14.554955,120.990167,g0402
PH1381100007,Barangay 7,Pasay City,2676,4.8,1244,0.119291,319,14.554249,120.990314,g0402
PH1381100008,Barangay 8,Pasay City,1160,11.4,996,0.298394,346,14.553466,120.990546,g0402
PH1381100009,Barangay 9,Pasay City,257,5.7,1204,0.153812,40,14.552824,120.990699,g0402
PH1381100010,Barangay 10,Pasay City,1405,8.0,1103,0.207245,291,14.552104,120.99096,g0402
PH1381100011,Barangay 11,Pasay City,408,7.2,1136,0.192735,79,14.551326,120.991161,g0402
PH1381100012,Barangay 12,Pasay City,540,6.3,1173,0.166977,90,14.550693,120.991342,g0402
PH1381100013,Barangay 13,Pasay City,2646,6.2,1178,0.15508,410,14.54806,120.992001,g0402
PH1381100014,Barangay 14,Pasay City,4769,0.0,1547,0.0,0,14.558506,120.99138,g0402
PH1381100015,Barangay 15,Pasay City,2328,0.0,1547,0.0,0,14.559337,120.991651,g0402
PH1381100016,Barangay 16,Pasay City,424,0.0,1547,0.0,0,14.557743,120.991629,g0402
PH1381100017,Barangay 17,Pasay City,985,3.3,1325,0.086935,86,14.558474,120.992939,g0402
PH1381100018,Barangay 18,Pasay City,1019,0.0,1547,0.0,0,14.556802,120.991928,g0402
PH1381100019,Barangay 19,Pasay City,812,0.0,1547,0.0,0,14.557246,120.993269,g0402
PH1381100020,Barangay 20,Pasay City,623,0.0,1547,0.0,0,14.555544,120.992342,g0402
PH1381100021,Barangay 21,Pasay City,790,0.0,1547,0.0,0,14.554784,120.992968,g0402
PH1381100022,Barangay 22,Pasay City,714,0.0,1547,0.0,0,14.555944,120.993688,g0402
PH1381100023,Barangay 23,Pasay City,1419,0.0,1547,0.0,0,14.553907,120.993263,g0402
PH1381100024,Barangay 24,Pasay City,704,0.5,1491,0.014244,10,14.552636,120.993018,g0402
PH1381100025,Barangay 25,Pasay City,595,0.7,1479,0.018267,11,14.551359,120.993249,g0402
PH1381100026,Barangay 26,Pasay City,932,0.0,1547,0.0,0,14.549686,120.993431,g0402
PH1381100027,Barangay 27,Pasay City,273,0.5,1491,0.013041,4,14.548056,120.993873,g0402
PH1381100028,Barangay 28,Pasay City,1237,0.1,1534,0.003245,4,14.552294,120.994429,g0402
PH1381100029,Barangay 29,Pasay City,1429,0.0,1547,0.0,0,14.550491,120.994632,g0402
PH1381100030,Barangay 30,Pasay City,964,0.0,1547,0.0,0,14.549513,120.994801,g0402
PH1381100031,Barangay 31,Pasay City,3544,0.2,1519,0.004868,17,14.548422,120.995086,g0402
PH1381100032,Barangay 32,Pasay City,1906,0.5,1491,0.012898,25,14.546971,120.994921,g0402
PH1381100033,Barangay 33,Pasay City,983,23.4,665,0.613927,603,14.559405,120.994721,g0402
PH1381100034,Barangay 34,Pasay City,939,14.5,878,0.379623,356,14.557874,120.994201,g0402
PH1381100035,Barangay 35,Pasay City,600,6.2,1178,0.164035,98,14.556116,120.994789,g0402
PH1381100036,Barangay 36,Pasay City,3799,21.0,713,0.477768,1815,14.55696,120.995918,g0402
PH1381100037,Barangay 37,Pasay City,1529,15.9,850,0.409591,626,14.554598,120.995855,g0402
PH1381100038,Barangay 38,Pasay City,1967,3.8,1302,0.096457,190,14.552381,120.9963,g0402
PH1381100039,Barangay 39,Pasay City,1290,7.3,1131,0.188881,244,14.550047,120.996796,g0402
PH1381100040,Barangay 40,Pasay City,2311,0.8,1468,0.02027,47,14.548165,120.997215,g0402
PH1381100041,Barangay 41,Pasay City,1591,10.8,1011,0.278999,444,14.559963,120.996611,g0402
PH1381100042,Barangay 42,Pasay City,1826,1.2,1435,0.029503,54,14.560597,120.997873,g0402
PH1381100043,Barangay 43,Pasay City,2620,24.8,630,0.619653,1623,14.560859,120.998813,g0402
PH1381100044,Barangay 44,Pasay City,1417,6.9,1146,0.178353,253,14.557732,120.997275,g0402
PH1381100045,Barangay 45,Pasay City,1672,8.2,1084,0.210874,353,14.55829,120.998492,g0402
PH1381100046,Barangay 46,Pasay City,5783,18.7,763,0.427716,2473,14.557519,120.999501,g0402
PH1381100047,Barangay 47,Pasay City,1207,8.5,1073,0.222019,268,14.555352,120.997904,g0402
PH1381100048,Barangay 48,Pasay City,509,1.7,1405,0.045741,23,14.555816,120.999162,g0402
PH1381100049,Barangay 49,Pasay City,290,7.3,1131,0.196481,57,14.553308,120.998224,g0402
PH1381100050,Barangay 50,Pasay City,478,0.0,1547,0.0,0,14.554179,120.99959,g0402
PH1381100051,Barangay 51,Pasay City,2159,23.8,650,0.602944,1302,14.553682,121.000565,g0402
PH1381100052,Barangay 52,Pasay City,2392,2.7,1356,0.067322,161,14.552596,120.998884,g0402
PH1381100053,Barangay 53,Pasay City,788,0.3,1511,0.007618,6,14.55293,120.999924,g0402
PH1381100054,Barangay 54,Pasay City,1479,10.5,1020,0.272323,403,14.552504,121.000998,g0402
PH1381100055,Barangay 55,Pasay City,832,4.3,1268,0.114362,95,14.551377,120.998973,g0402
PH1381100056,Barangay 56,Pasay City,855,0.0,1547,0.0,0,14.551415,121.000424,g0402
PH1381100057,Barangay 57,Pasay City,1361,19.9,745,0.516509,703,14.551745,121.001603,g0402
PH1381100058,Barangay 58,Pasay City,1382,7.1,1140,0.152957,211,14.550276,120.999172,g0402
PH1381100059,Barangay 59,Pasay City,1657,3.5,1316,0.08889,147,14.54872,120.999507,g0402
PH1381100060,Barangay 60,Pasay City,1425,1.1,1440,0.028274,40,14.5493,121.00102,g0402
PH1381100061,Barangay 61,Pasay City,2503,30.5,524,0.763381,1911,14.55081,121.001919,g0402
PH1381100062,Barangay 62,Pasay City,1228,23.8,650,0.620211,762,14.551186,121.003185,g0402
PH1381100063,Barangay 63,Pasay City,679,10.7,1014,0.283323,192,14.550032,121.002054,g0402
PH1381100064,Barangay 64,Pasay City,1582,0.0,1547,0.0,0,14.549396,121.00221,g0402
PH1381100065,Barangay 65,Pasay City,2932,20.1,737,0.498033,1460,14.55031,121.003647,g0402
PH1381100066,Barangay 66,Pasay City,2797,0.2,1519,0.004793,13,14.548733,121.003037,g0402
PH1381100067,Barangay 67,Pasay City,1104,12.6,940,0.329013,363,14.550102,121.005011,g0402
PH1381100068,Barangay 68,Pasay City,852,3.4,1322,0.090771,77,14.545867,120.994704,g0402
PH1381100069,Barangay 69,Pasay City,1153,0.0,1547,0.0,0,14.546317,120.995962,g0402
PH1381100070,Barangay 70,Pasay City,2199,0.1,1534,0.001521,3,14.543987,120.995349,g0402
PH1381100071,Barangay 71,Pasay City,685,0.0,1547,0.0,0,14.545422,120.996275,g0402
PH1381100072,Barangay 72,Pasay City,1423,0.4,1502,0.009974,14,14.543848,120.996782,g0402
PH1381100073,Barangay 73,Pasay City,699,7.2,1136,0.190246,133,14.541169,120.995985,g0402
PH1381100074,Barangay 74,Pasay City,460,1.3,1431,0.034382,16,14.541338,120.997378,g0402
PH1381100075,Barangay 75,Pasay City,1326,16.7,825,0.432114,573,14.538289,120.996937,g0402
PH1381100076,Barangay 76,Pasay City,19604,11.0,1006,0.1629,3193,14.542879,120.986352,g0402
PH1381100077,Barangay 77,Pasay City,1107,31.0,512,0.776172,859,14.536048,120.997382,g0402
PH1381100078,Barangay 78,Pasay City,494,23.1,670,0.614359,303,14.534439,120.99741,g0402
PH1381100079,Barangay 79,Pasay City,677,28.8,552,0.762648,516,14.536542,120.999267,g0402
PH1381100080,Barangay 80,Pasay City,1208,11.6,986,0.301037,364,14.538371,120.998873,g0402
PH1381100081,Barangay 81,Pasay City,2129,0.0,1547,0.0,0,14.539993,120.998688,g0402
PH1381100082,Barangay 82,Pasay City,554,5.3,1218,0.141983,79,14.540077,120.999406,g0402
PH1381100083,Barangay 83,Pasay City,794,33.3,468,0.877735,697,14.53849,121.000054,g0402
PH1381100084,Barangay 84,Pasay City,719,11.9,974,0.315206,227,14.540079,120.999988,g0402
PH1381100085,Barangay 85,Pasay City,1285,1.5,1416,0.037923,49,14.541431,120.998782,g0402
PH1381100086,Barangay 86,Pasay City,1389,6.2,1178,0.161198,224,14.542437,120.998774,g0402
PH1381100087,Barangay 87,Pasay City,633,3.9,1292,0.103399,65,14.543196,120.999056,g0402
PH1381100088,Barangay 88,Pasay City,958,0.6,1484,0.014969,14,14.544359,120.997623,g0402
PH1381100089,Barangay 89,Pasay City,1003,4.4,1263,0.115941,116,14.54409,120.998858,g0402
PH1381100090,Barangay 90,Pasay City,1615,3.2,1331,0.083386,135,14.545214,120.998607,g0402
PH1381100091,Barangay 91,Pasay City,1881,0.1,1534,0.002282,4,14.546105,120.997753,g0402
PH1381100092,Barangay 92,Pasay City,469,0.4,1502,0.011375,5,14.546896,120.997729,g0402
PH1381100093,Barangay 93,Pasay City,382,16.9,818,0.450029,172,14.545345,120.999503,g0402
PH1381100094,Barangay 94,Pasay City,2375,3.1,1338,0.078636,187,14.545245,121.000101,g0402
PH1381100095,Barangay 95,Pasay City,1132,0.0,1547,0.0,0,14.546906,121.000389,g0402
PH1381100096,Barangay 96,Pasay City,826,5.0,1234,0.131509,109,14.544599,121.000821,g0402
PH1381100097,Barangay 97,Pasay City,1361,19.9,745,0.516404,703,14.540694,121.000848,g0402
PH1381100098,Barangay 98,Pasay City,1487,31.1,511,0.771982,1148,14.538764,121.0023,g0402
PH1381100099,Barangay 99,Pasay City,1111,21.1,711,0.551147,612,14.540484,121.002251,g0402
PH1381100100,Barangay 100,Pasay City,1223,6.5,1164,0.168258,206,14.54204,121.002173,g0402
PH1381100101,Barangay 101,Pasay City,550,5.1,1229,0.136322,75,14.543445,121.002033,g0402
PH1381100102,Barangay 102,Pasay City,826,0.3,1511,0.008424,7,14.544117,121.002031,g0402
PH1381100103,Barangay 103,Pasay City,949,0.0,1547,0.0,0,14.545083,121.003554,g0402
PH1381100104,Barangay 104,Pasay City,1127,0.0,1547,0.0,0,14.544908,121.001873,g0402
PH1381100105,Barangay 105,Pasay City,567,0.0,1547,0.0,0,14.545687,121.001816,g0402
PH1381100106,Barangay 106,Pasay City,1158,0.0,1547,0.0,0,14.546243,121.001737,g0402
PH1381100107,Barangay 107,Pasay City,1561,0.2,1519,0.005088,8,14.547263,121.001522,g0402
PH1381100108,Barangay 108,Pasay City,2070,1.4,1423,0.034854,72,14.547509,121.003171,g0402
PH1381100109,Barangay 109,Pasay City,1122,0.0,1547,0.0,0,14.546656,121.003458,g0402
PH1381100110,Barangay 110,Pasay City,1827,0.0,1547,0.0,0,14.546006,121.003519,g0402
PH1381100111,Barangay 111,Pasay City,1279,0.0,1547,0.0,0,14.544205,121.003635,g0402
PH1381100112,Barangay 112,Pasay City,640,0.9,1457,0.024056,15,14.543489,121.003697,g0402
PH1381100113,Barangay 113,Pasay City,1800,0.5,1491,0.012347,22,14.541566,121.003343,g0402
PH1381100114,Barangay 114,Pasay City,1050,12.2,964,0.318956,335,14.542745,121.004868,g0402
PH1381100115,Barangay 115,Pasay City,1240,14.0,897,0.365173,453,14.541607,121.004981,g0402
PH1381100116,Barangay 116,Pasay City,1205,0.0,1547,0.0,0,14.540572,121.004302,g0402
PH1381100117,Barangay 117,Pasay City,935,7.0,1143,0.182653,171,14.540345,121.005279,g0402
PH1381100118,Barangay 118,Pasay City,1634,8.6,1069,0.220038,360,14.539119,121.003684,g0402
PH1381100119,Barangay 119,Pasay City,1622,3.4,1322,0.087344,142,14.538945,121.004639,g0402
PH1381100120,Barangay 120,Pasay City,332,5.9,1196,0.158931,53,14.548516,121.004835,g0402
PH1381100121,Barangay 121,Pasay City,1007,0.4,1502,0.009772,10,14.547393,121.005315,g0402
PH1381100122,Barangay 122,Pasay City,1184,0.0,1547,0.0,0,14.54635,121.004837,g0402
PH1381100123,Barangay 123,Pasay City,1284,0.0,1547,0.0,0,14.546398,121.005815,g0402
PH1381100124,Barangay 124,Pasay City,1666,0.0,1547,0.0,0,14.545343,121.005438,g0402
PH1381100125,Barangay 125,Pasay City,1508,0.2,1519,0.004266,6,14.544389,121.005478,g0402
PH1381100126,Barangay 126,Pasay City,725,7.5,1125,0.197493,143,14.543502,121.005348,g0402
PH1381100127,Barangay 127,Pasay City,1799,5.3,1218,0.136809,246,14.549025,121.006065,g0402
PH1381100128,Barangay 128,Pasay City,1634,27.3,577,0.67039,1095,14.549137,121.007107,g0402
PH1381100129,Barangay 129,Pasay City,1209,1.7,1405,0.042976,52,14.547544,121.00673,g0402
PH1381100130,Barangay 130,Pasay City,4042,5.3,1218,0.126105,510,14.547866,121.008126,g0402
PH1381100131,Barangay 131,Pasay City,1427,3.9,1292,0.10135,145,14.545752,121.006905,g0402
PH1381100132,Barangay 132,Pasay City,5088,14.2,888,0.302398,1539,14.54654,121.008164,g0402
PH1381100133,Barangay 133,Pasay City,2221,28.5,556,0.721071,1601,14.543814,121.006909,g0402
PH1381100134,Barangay 134,Pasay City,1686,19.7,751,0.504322,850,14.545177,121.008096,g0402
PH1381100135,Barangay 135,Pasay City,2768,27.9,568,0.69379,1920,14.543774,121.0085,g0402
PH1381100136,Barangay 136,Pasay City,2167,32.6,484,0.825976,1790,14.542408,121.007058,g0402
PH1381100137,Barangay 137,Pasay City,2994,39.7,109,0.981288,2938,14.542252,121.008796,g0402
PH1381100138,Barangay 138,Pasay City,1031,34.1,451,0.891444,919,14.541324,121.006925,g0402
PH1381100139,Barangay 139,Pasay City,1065,34.9,425,0.911541,971,14.540644,121.006719,g0402
PH1381100140,Barangay 140,Pasay City,590,23.3,666,0.619309,365,14.540021,121.00637,g0402
PH1381100141,Barangay 141,Pasay City,465,2.5,1363,0.067108,31,14.539228,121.005993,g0402
PH1381100142,Barangay 142,Pasay City,318,0.2,1519,0.004879,2,14.538404,121.005569,g0402
PH1381100143,Barangay 143,Pasay City,1390,4.7,1248,0.121997,170,14.53994,121.00787,g0402
PH1381100144,Barangay 144,Pasay City,2212,22.5,681,0.568385,1257,14.539434,121.009592,g0402
PH1381100145,Barangay 145,Pasay City,8758,45.5,36,0.966109,8461,14.534281,120.999776,g0402
PH1381100146,Barangay 146,Pasay City,1036,25.2,619,0.658982,683,14.536286,121.000879,g0402
PH1381100147,Barangay 147,Pasay City,1459,34.3,447,0.885646,1292,14.536769,121.002528,g0402
PH1381100148,Barangay 148,Pasay City,3164,27.0,582,0.664453,2102,14.533666,121.002738,g0402
PH1381100149,Barangay 149,Pasay City,768,37.9,266,1.0,768,14.534951,121.003727,g0402
PH1381100150,Barangay 150,Pasay City,662,33.7,459,0.891428,590,14.536964,121.003726,g0402
PH1381100151,Barangay 151,Pasay City,1175,24.6,635,0.641401,754,14.537109,121.004745,g0402
PH1381100152,Barangay 152,Pasay City,1219,20.7,725,0.537749,656,14.537553,121.006581,g0402
PH1381100153,Barangay 153,Pasay City,1367,31.9,501,0.827058,1131,14.536306,121.00514,g0402
PH1381100154,Barangay 154,Pasay City,743,37.9,266,1.0,743,14.53558,121.004426,g0402
PH1381100155,Barangay 155,Pasay City,916,38.1,242,1.0,916,14.534752,121.004809,g0402
PH1381100156,Barangay 156,Pasay City,3540,40.7,76,0.990858,3508,14.533258,121.004431,g0402
PH1381100157,Barangay 157,Pasay City,2242,26.2,601,0.662038,1484,14.536082,121.006201,g0402
PH1381100158,Barangay 158,Pasay City,961,30.4,526,0.765558,736,14.5372,121.007858,g0402
PH1381100159,Barangay 159,Pasay City,1301,29.8,540,0.773552,1006,14.538024,121.009755,g0402
PH1381100160,Barangay 160,Pasay City,1245,37.8,280,0.981735,1222,14.537102,121.009445,g0402
PH1381100161,Barangay 161,Pasay City,2834,42.2,51,0.986068,2795,14.535777,121.008814,g0402
PH1381100162,Barangay 162,Pasay City,1898,39.0,154,0.993829,1886,14.534929,121.007599,g0402
PH1381100163,Barangay 163,Pasay City,1467,38.7,178,1.0,1467,14.534,121.007683,g0402
PH1381100164,Barangay 164,Pasay City,1749,39.0,154,1.0,1749,14.533568,121.007427,g0402
PH1381100165,Barangay 165,Pasay City,5472,44.6,39,1.0,5472,14.533157,121.006285,g0402
PH1381100166,Barangay 166,Pasay City,1190,34.8,428,0.906254,1078,14.536267,121.010295,g0402
PH1381100167,Barangay 167,Pasay City,755,39.1,145,1.0,755,14.533395,121.009117,g0402
PH1381100168,Barangay 168,Pasay City,521,37.6,303,1.0,521,14.53159,121.008593,g0402
PH1381100169,Barangay 169,Pasay City,2825,17.6,792,0.437917,1237,14.538097,121.012116,g0402
PH1381100170,Barangay 170,Pasay City,1571,34.8,428,0.89612,1408,14.537012,121.011983,g0402
PH1381100171,Barangay 171,Pasay City,3390,39.9,95,0.975091,3306,14.536112,121.01186,g0402
PH1381100172,Barangay 172,Pasay City,4919,39.1,145,0.916715,4509,14.535027,121.011522,g0402
PH1381100173,Barangay 173,Pasay City,1814,39.6,113,0.981377,1780,14.534067,121.011508,g0402
PH1381100174,Barangay 174,Pasay City,1826,38.7,178,0.989918,1808,14.533506,121.0113,g0402
PH1381100175,Barangay 175,Pasay City,1952,39.3,131,1.0,1952,14.533009,121.010475,g0402
PH1381100176,Barangay 176,Pasay City,1617,38.8,167,0.998173,1614,14.532408,121.011964,g0402
PH1381100177,Barangay 177,Pasay City,6235,44.2,40,1.0,6235,14.531735,121.010427,g0402
PH1381100178,Barangay 178,Pasay City,3889,27.7,569,0.666466,2592,14.530523,121.005765,g0402
PH1381100179,Barangay 179,Pasay City,6692,35.9,401,0.803156,5375,14.530556,121.007587,g0402
PH1381100180,Barangay 180,Pasay City,2059,39.4,124,1.0,2059,14.530422,121.011899,g0402
PH1381100181,Barangay 181,Pasay City,1883,39.2,140,1.0,1883,14.530003,121.01144,g0402
PH1381100182,Barangay 182,Pasay City,2906,40.4,79,1.0,2906,14.530686,121.009869,g0402
PH1381100183,Barangay 183,Pasay City,37372,14.4,881,0.164606,6152,14.5188,121.020695,g0302
PH1381100184,Barangay 184,Pasay City,14209,10.0,1037,0.186452,2649,14.528699,121.008202,g0402
PH1381100185,Barangay 185,Pasay City,4639,12.3,955,0.289964,1345,14.527464,121.0112,g0402
PH1381100186,Barangay 186,Pasay City,3450,39.9,95,0.972023,3353,14.531551,121.005096,g0402
PH1381100187,Barangay 187,Pasay City,4629,43.1,43,0.9874,4571,14.533501,121.000676,g0402
PH1381100188,Barangay 188,Pasay City,2094,38.9,161,0.986304,2065,14.531738,121.001617,g0402
PH1381100189,Barangay 189,Pasay City,2431,39.8,101,1.0,2431,14.532431,121.000483,g0402
PH1381100190,Barangay 190,Pasay City,4336,24.2,645,0.575898,2497,14.52976,121.001734,g0402
PH1381100191,Barangay 191,Pasay City,3406,14.6,874,0.356915,1216,14.521239,121.005221,g0302
PH1381100192,Barangay 192,Pasay City,4217,4.7,1248,0.113062,477,14.515691,121.001679,g0302
PH1381100193,Barangay 193,Pasay City,7430,14.2,888,0.312138,2319,14.512676,121.001685,g0302
PH1381100194,Barangay 194,Pasay City,4523,3.8,1302,0.090882,411,14.512472,121.002764,g0302
PH1381100195,Barangay 195,Pasay City,2449,0.8,1468,0.020896,51,14.513321,121.005187,g0302
PH1381100196,Barangay 196,Pasay City,1499,32.8,478,0.845259,1267,14.510831,121.004103,g0302
PH1381100197,Barangay 197,Pasay City,3854,4.2,1270,0.10163,392,14.509063,121.014617,g0302
PH1381100198,Barangay 198,Pasay City,1904,17.8,787,0.45264,862,14.511001,121.003291,g0302
PH1381100199,Barangay 199,Pasay City,2044,17.3,804,0.439936,899,14.509216,121.000944,g0302
PH1381100200,Barangay 200,Pasay City,594,5.4,1213,0.143023,85,14.507912,121.000608,g0302
PH1381100201,Barangay 201,Pasay City,19788,8.2,1084,0.137635,2724,14.507432,121.029596,g0303
PH1381200001,Bagong Ilog,Pasig,20344,10.7,1014,0.156375,3181,14.565776,121.069446,g0403
PH1381200002,Bagong Katipunan,Pasig,879,3.2,1331,0.084174,74,14.558609,121.074846,g0403
PH1381200003,Bambang,Pasig,20801,21.0,713,0.323414,6727,14.555225,121.080894,g0404
PH1381200004,Buting,Pasig,10348,10.7,1014,0.193436,2002,14.554425,121.068216,g0403
PH1381200005,Caniogan,Pasig,28086,25.7,608,0.31619,8881,14.570679,121.079535,g0404
PH1381200006,Dela Paz,Pasig,19804,48.4,30,0.725061,14359,14.614713,121.097102,g0504
PH1381200007,Kalawaan,Pasig,32145,11.8,976,0.158581,5098,14.54981,121.087129,g0404
PH1381200008,Kapasigan,Pasig,4774,5.1,1229,0.118833,567,14.563041,121.075121,g0404
PH1381200009,Kapitolyo,Pasig,9203,1.1,1440,0.022983,212,14.571145,121.059729,g0403
PH1381200010,Malinao,Pasig,4817,14.7,872,0.345859,1666,14.558524,121.07885,g0404
PH1381200011,Manggahan,Pasig,88078,90.3,4,0.606737,53440,14.601152,121.095342,g0504
PH1381200012,Maybunga,Pasig,45555,82.8,5,0.814254,37093,14.576215,121.090778,g0504
PH1381200013,Oranbo,Pasig,3267,1.5,1416,0.036742,120,14.575896,121.065417,g0503
PH1381200014,Palatiw,Pasig,27499,52.7,24,0.729928,20072,14.563109,121.085457,g0404
PH1381200015,Pinagbuhatan,Pasig,163598,77.4,8,0.315166,51560,14.549719,121.097517,g0404
PH1381200016,Pineda,Pasig,19499,12.4,950,0.186741,3641,14.565598,121.060018,g0403
PH1381200017,Rosario,Pasig,73979,100.0,1,0.705866,52219,14.589716,121.093787,g0504
PH1381200018,Sagad,Pasig,6036,16.4,835,0.316979,1913,14.565542,121.078686,g0404
PH1381200019,San Antonio,Pasig,11727,7.6,1120,0.15098,1771,14.582576,121.061358,g0503
PH1381200020,San Joaquin,Pasig,13823,6.9,1146,0.13012,1799,14.550914,121.076549,g0404
PH1381200021,San Jose,Pasig,1814,4.4,1263,0.111723,203,14.56043,121.074434,g0403
PH1381200022,San Miguel,Pasig,40199,57.0,19,0.609528,24502,14.566881,121.090087,g0404
PH1381200023,San Nicolas,Pasig,2602,18.6,765,0.465032,1210,14.560503,121.08077,g0404
PH1381200024,Santa Cruz,Pasig,5610,26.7,594,0.584595,3280,14.563172,121.079632,g0404
PH1381200025,Santa Rosa,Pasig,1015,10.7,1014,0.279963,284,14.557788,121.070502,g0403
PH1381200026,Santo Tomas,Pasig,12904,28.2,562,0.519691,6706,14.562943,121.081492,g0404
PH1381200027,Santolan,Pasig,57933,61.9,12,0.548116,31754,14.615511,121.086253,g0504
PH1381200028,Sumilang,Pasig,4334,2.5,1363,0.058922,255,14.55691,121.073484,g0403
PH1381200029,Ugong,Pasig,28737,20.9,719,0.26257,7545,14.58372,121.073281,g0503
PH1381200030,Santa Lucia,Pasig,43749,80.6,6,0.8082,35358,14.583561,121.101454,g0504
PH1381300001,Alicia,Quezon City,6119,18.3,772,0.416088,2546,14.661434,121.024933,g0602
PH1381300002,Amihan,Quezon City,3513,10.5,1020,0.254451,894,14.632245,121.068427,g0603
PH1381300003,Apolonio Samson,Quezon City,33629,25.8,605,0.340158,11439,14.65465,121.009214,g0602
PH1381300004,Aurora,Quezon City,4221,0.6,1484,0.014173,60,14.616247,121.009163,g0502
PH1381300005,Baesa,Quezon City,55328,23.8,650,0.223678,12376,14.669647,121.011563,g0602
PH1381300006,Bagbag,Quezon City,64653,18.6,765,0.155457,10051,14.697233,121.031103,g0703
PH1381300007,Bagumbuhay,Quezon City,6681,12.9,932,0.28854,1928,14.625157,121.06519,g0603
PH1381300008,Bagong Lipunan Ng Crame,Quezon City,13630,8.2,1084,0.10801,1472,14.610656,121.05082,g0503
PH1381300009,Bagong Pag-asa,Quezon City,29389,12.5,947,0.176431,5185,14.655097,121.034905,g0603
PH1381300010,Bagong Silangan,Quezon City,106886,55.9,21,0.333279,35623,14.709812,121.113408,g0704
PH1381300011,Bagumbayan,Quezon City,22147,21.5,703,0.323478,7164,14.606808,121.081484,g0504
PH1381300012,Bahay Toro,Quezon City,59639,36.7,367,0.299817,17881,14.667462,121.028605,g0603
PH1381300013,Balingasa,Quezon City,19260,15.1,863,0.233443,4496,14.651642,121.001619,g0602
PH1381300014,Bayanihan,Quezon City,613,4.6,1253,0.122838,75,14.61541,121.069528,g0503
PH1381300015,Blue Ridge A,Quezon City,1534,2.2,1382,0.026036,40,14.619034,121.073533,g0503
PH1381300016,Blue Ridge B,Quezon City,1071,1.5,1416,0.039033,42,14.617881,121.07541,g0504
PH1381300017,Botocan,Quezon City,7501,3.6,1310,0.079186,594,14.638109,121.063658,g0603
PH1381300018,Bungad,Quezon City,7014,7.7,1119,0.116278,816,14.649975,121.024649,g0602
PH1381300019,Camp Aguinaldo,Quezon City,3269,2.1,1387,0.050392,165,14.607266,121.063728,g0503
PH1381300020,Central,Quezon City,19331,12.5,947,0.16925,3272,14.646301,121.048631,g0603
PH1381300021,Claro,Quezon City,3885,25.6,610,0.615655,2392,14.631582,121.064536,g0603
PH1381300022,Commonwealth,Quezon City,213229,29.1,548,0.102574,21872,14.700528,121.083798,g0704
PH1381300023,New Era,Quezon City,14105,4.5,1257,0.08491,1198,14.664153,121.060157,g0603
PH1381300024,Kristong Hari,Quezon City,6055,12.3,955,0.280423,1698,14.624816,121.03062,g0503
PH1381300025,Culiat,Quezon City,67804,29.7,542,0.257793,17479,14.667776,121.054947,g0603
PH1381300026,Damar,Quezon City,952,4.3,1268,0.113368,108,14.646806,121.000877,g0602
PH1381300027,Damayan,Quezon City,6007,16.8,821,0.381685,2293,14.637848,121.013947,g0602
PH1381300028,Damayang Lagi,Quezon City,19466,30.9,515,0.519051,10104,14.61605,121.023271,g0502
PH1381300029,Del Monte,Quezon City,10595,15.9,850,0.323455,3427,14.643261,121.015046,g0602
PH1381300030,Dioquino Zobel,Quezon City,1805,0.9,1457,0.024131,44,14.619831,121.064738,g0503
PH1381300031,Doña Imelda,Quezon City,11724,41.6,56,0.724491,8494,14.613006,121.017206,g0502
PH1381300032,Doña Josefa,Quezon City,1857,1.2,1435,0.030529,57,14.620011,121.006775,g0502
PH1381300033,Don Manuel,Quezon City,1728,8.0,1103,0.173732,300,14.61635,121.005184,g0502
PH1381300034,Duyan-duyan,Quezon City,3357,2.1,1387,0.052103,175,14.629997,121.067159,g0603
PH1381300035,E. Rodriguez,Quezon City,17363,11.8,976,0.163238,2834,14.626338,121.052093,g0603
PH1381300036,East Kamias,Quezon City,6395,14.1,894,0.316591,2025,14.632193,121.05617,g0603
PH1381300037,Escopa I,Quezon City,2110,0.0,1547,0.0,0,14.624403,121.073459,g0503
PH1381300038,Escopa II,Quezon City,1683,0.4,1502,0.010709,18,14.624312,121.074453,g0503
PH1381300039,Escopa III,Quezon City,7985,0.2,1519,0.003341,27,14.627008,121.073259,g0603
PH1381300040,Escopa IV,Quezon City,1837,1.1,1440,0.027155,50,14.625646,121.074387,g0603
PH1381300041,Fairview,Quezon City,61813,21.7,698,0.143167,8850,14.702452,121.068738,g0703
PH1381300042,N.S. Amoranto,Quezon City,5952,5.2,1223,0.118018,702,14.63241,120.993574,g0602
PH1381300043,Gulod,Quezon City,62542,38.5,194,0.341225,21341,14.711593,121.040985,g0703
PH1381300044,Horseshoe,Quezon City,2866,5.8,1199,0.144391,414,14.61259,121.041945,g0503
PH1381300045,Immaculate Concepcion,Quezon City,8169,6.2,1178,0.134506,1099,14.622369,121.044323,g0503
PH1381300046,Kaligayahan,Quezon City,60462,7.3,1131,0.068594,4147,14.73458,121.045923,g0803
PH1381300047,Kalusugan,Quezon City,4786,11.1,1002,0.231321,1107,14.622921,121.02136,g0502
PH1381300048,Kamuning,Quezon City,14258,14.3,885,0.244617,3488,14.62778,121.039715,g0603
PH1381300049,Katipunan,Quezon City,10508,47.5,32,0.94117,9890,14.656195,121.017177,g0602
PH1381300050,Kaunlaran,Quezon City,12387,2.8,1349,0.054239,672,14.616891,121.044083,g0503
PH1381300051,Krus Na Ligas,Quezon City,21287,0.0,1547,0.0,0,14.644325,121.062787,g0603
PH1381300052,Laging Handa,Quezon City,4812,3.0,1342,0.069764,336,14.632505,121.030588,g0603
PH1381300053,Libis,Quezon City,4208,14.6,874,0.348345,1466,14.61619,121.076998,g0504
PH1381300054,Lourdes,Quezon City,4523,4.2,1270,0.099023,448,14.625826,121.002113,g0602
PH1381300055,Loyola Heights,Quezon City,21140,13.6,909,0.180642,3819,14.638304,121.073952,g0603
PH1381300056,Maharlika,Quezon City,4349,22.5,681,0.475752,2069,14.633388,120.996748,g0602
PH1381300057,Malaya,Quezon City,2605,0.7,1479,0.018426,48,14.635998,121.055543,g0603
PH1381300058,Manresa,Quezon City,17224,8.4,1075,0.147077,2533,14.641539,121.000753,g0602
PH1381300059,Mangga,Quezon City,913,8.3,1081,0.216924,198,14.625627,121.062011,g0603
PH1381300060,Mariana,Quezon City,11967,4.8,1244,0.069575,833,14.618986,121.033313,g0503
PH1381300061,Mariblo,Quezon City,3433,23.5,662,0.573405,1968,14.634643,121.015852,g0602
PH1381300062,Marilag,Quezon City,12555,3.3,1325,0.064554,810,14.625507,121.069958,g0603
PH1381300063,Masagana,Quezon City,4166,12.4,950,0.29706,1238,14.618439,121.066834,g0503
PH1381300064,Masambong,Quezon City,8800,39.2,140,0.726578,6394,14.642127,121.008637,g0602
PH1381300065,Santo Domingo,Quezon City,11476,36.1,398,0.668783,7675,14.629707,121.0077,g0602
PH1381300066,Matandang Balara,Quezon City,69475,16.3,838,0.118018,8199,14.67045,121.080934,g0604
PH1381300067,Milagrosa,Quezon City,6775,6.4,1167,0.143627,973,14.620598,121.069772,g0503
PH1381300068,Nagkaisang Nayon,Quezon City,53781,17.3,804,0.16242,8735,14.718881,121.025088,g0703
PH1381300069,Nayong Kanluran,Quezon City,2456,11.5,989,0.289171,710,14.64013,121.024885,g0602
PH1381300070,Novaliches Proper,Quezon City,15468,21.9,693,0.331976,5135,14.720643,121.037436,g0703
PH1381300071,Obrero,Quezon City,9500,8.0,1103,0.16707,1587,14.62828,121.029748,g0603
PH1381300072,Old Capitol Site,Quezon City,1319,11.0,1006,0.253513,334,14.650346,121.052809,g0603
PH1381300073,Paang Bundok,Quezon City,4806,0.5,1491,0.011219,54,14.628122,120.991978,g0602
PH1381300074,Pag-ibig Sa Nayon,Quezon City,5918,0.8,1468,0.018151,107,14.647083,120.996701,g0602
PH1381300075,Paligsahan,Quezon City,3518,2.5,1363,0.061908,218,14.632379,121.022796,g0602
PH1381300076,Paltok,Quezon City,18124,12.3,955,0.212644,3854,14.643556,121.022997,g0602
PH1381300077,Pansol,Quezon City,35254,5.6,1206,0.071529,2522,14.656805,121.082783,g0604
PH1381300078,Paraiso,Quezon City,3537,8.1,1096,0.197945,700,14.637856,121.017549,g0602
PH1381300079,Pasong Putik Proper,Quezon City,39896,20.7,725,0.249401,9950,14.740352,121.09571,g0804
PH1381300080,Pasong Tamo,Quezon City,110738,27.7,569,0.160358,17758,14.681459,121.058701,g0703
PH1381300081,Phil-Am,Quezon City,2524,6.0,1190,0.119846,302,14.649387,121.030983,g0603
PH1381300082,Pinyahan,Quezon City,21868,7.3,1131,0.098008,2143,14.637895,121.047056,g0603
PH1381300083,Pinagkaisahan,Quezon City,4366,6.0,1190,0.141559,618,14.626005,121.044213,g0603
PH1381300084,Project 6,Quezon City,11899,7.9,1109,0.132135,1572,14.656636,121.040706,g0603
PH1381300085,Quirino 2-A,Quezon City,4622,12.3,955,0.289898,1340,14.630398,121.059074,g0603
PH1381300086,Quirino 2-B,Quezon City,3938,8.8,1066,0.211646,833,14.632259,121.061841,g0603
PH1381300087,Quirino 2-C,Quezon City,3189,8.8,1066,0.216398,690,14.634749,121.063051,g0603
PH1381300088,Quirino 3-A,Quezon City,1070,11.8,976,0.309514,331,14.62866,121.063606,g0603
PH1381300089,Ramon Magsaysay,Quezon City,14321,9.2,1054,0.171598,2457,14.659116,121.022686,g0602
PH1381300090,Roxas,Quezon City,10670,13.0,925,0.264187,2819,14.627628,121.021871,g0602
PH1381300091,Sacred Heart,Quezon City,6089,2.7,1356,0.034191,208,14.631397,121.038845,g0603
PH1381300092,Saint Ignatius,Quezon City,2054,0.8,1468,0.021489,44,14.612851,121.072915,g0503
PH1381300093,Saint Peter,Quezon City,4049,20.5,730,0.490924,1988,14.634906,120.999844,g0602
PH1381300094,Salvacion,Quezon City,6681,1.7,1405,0.038466,257,14.626534,120.993957,g0602
PH1381300095,San Agustin,Quezon City,25355,9.3,1053,0.140852,3571,14.73017,121.034387,g0803
PH1381300096,San Antonio,Quezon City,22229,19.8,749,0.31623,7029,14.650046,121.01696,g0602
PH1381300097,San Bartolome,Quezon City,51148,20.1,737,0.18362,9392,14.706277,121.030964,g0703
PH1381300098,San Isidro,Quezon City,6550,1.3,1431,0.029242,192,14.612895,121.008334,g0502
PH1381300099,San Isidro Labrador,Quezon City,6247,11.0,1006,0.248628,1553,14.623892,120.996113,g0502
PH1381300100,San Jose,Quezon City,5844,7.2,1136,0.135305,791,14.640608,120.993742,g0602
PH1381300101,San Martin De Porres,Quezon City,11632,2.4,1372,0.046687,543,14.617561,121.049776,g0503
PH1381300102,San Roque,Quezon City,19093,5.2,1223,0.066436,1268,14.619112,121.062132,g0503
PH1381300103,San Vicente,Quezon City,7160,17.6,792,0.388996,2785,14.653166,121.055791,g0603
PH1381300104,Santa Cruz,Quezon City,3945,13.0,925,0.31255,1233,14.635665,121.020577,g0602
PH1381300105,Santa Lucia,Quezon City,28215,21.0,713,0.302344,8531,14.706498,121.050856,g0703
PH1381300106,Santa Monica,Quezon City,51834,28.5,556,0.294476,15264,14.719044,121.046258,g0703
PH1381300107,Santa Teresita,Quezon City,11776,8.9,1060,0.175124,2062,14.620696,121.000218,g0502
PH1381300108,Santo Cristo,Quezon City,25783,12.6,940,0.18935,4882,14.659849,121.028958,g0603
PH1381300109,Santo Niño,Quezon City,7070,0.0,1547,0.001034,7,14.611074,121.011763,g0502
PH1381300110,Santol,Quezon City,6410,14.8,869,0.305122,1956,14.61045,121.015303,g0502
PH1381300111,Sauyo,Quezon City,76289,13.5,911,0.098119,7485,14.694877,121.046379,g0703
PH1381300112,Sienna,Quezon City,2072,21.7,698,0.518608,1075,14.636352,121.004506,g0602
PH1381300113,Sikatuna Village,Quezon City,6121,2.6,1362,0.05904,361,14.638067,121.059229,g0603
PH1381300114,Silangan,Quezon City,4831,19.8,749,0.378668,1829,14.627529,121.058793,g0603
PH1381300115,Socorro,Quezon City,22227,3.7,1307,0.058592,1302,14.617514,121.056408,g0503
PH1381300116,South Triangle,Quezon City,14494,9.8,1042,0.159712,2315,14.637938,121.036095,g0603
PH1381300117,Tagumpay,Quezon City,2257,14.4,881,0.363093,820,14.622268,121.063645,g0503
PH1381300118,Talayan,Quezon City,4402,37.3,331,0.857416,3774,14.634733,121.011259,g0602
PH1381300119,Talipapa,Quezon City,38949,15.7,855,0.191439,7456,14.685413,121.025078,g0703
PH1381300120,Tandang Sora,Quezon City,83114,21.0,713,0.129982,10803,14.682063,121.040075,g0703
PH1381300121,Tatalon,Quezon City,55404,60.8,14,0.590017,32689,14.623575,121.013913,g0502
PH1381300122,Teachers Village East,Quezon City,2401,1.0,1449,0.024968,60,14.644334,121.059312,g0603
PH1381300123,Teachers Village West,Quezon City,2986,3.1,1338,0.075767,226,14.64268,121.056238,g0603
PH1381300124,U.P. Campus,Quezon City,47127,8.2,1084,0.090194,4251,14.65398,121.064794,g0603
PH1381300125,U.P. Village,Quezon City,3167,2.2,1382,0.054298,172,14.648885,121.056306,g0603
PH1381300126,Ugong Norte,Quezon City,6301,4.5,1257,0.102445,646,14.596621,121.07108,g0503
PH1381300127,Unang Sigaw,Quezon City,6508,11.0,1006,0.247862,1613,14.659192,121.001357,g0602
PH1381300128,Valencia,Quezon City,10900,10.1,1032,0.204324,2227,14.610759,121.036501,g0503
PH1381300129,Vasra,Quezon City,7345,9.6,1044,0.183719,1349,14.656956,121.046352,g0603
PH1381300130,Veterans Village,Quezon City,12755,4.0,1287,0.077635,990,14.654553,121.024029,g0602
PH1381300131,Villa Maria Clara,Quezon City,2442,14.4,881,0.361871,884,14.616561,121.068784,g0503
PH1381300132,West Kamias,Quezon City,4055,19.3,755,0.463064,1878,14.630446,121.049306,g0603
PH1381300133,West Triangle,Quezon City,2431,8.1,1096,0.173576,422,14.643079,121.031217,g0603
PH1381300134,White Plains,Quezon City,3558,4.2,1270,0.102836,366,14.60618,121.072671,g0503
PH1381300135,Balong Bato,Quezon City,6991,8.1,1096,0.179359,1254,14.663162,121.002991,g0602
PH1381300136,Capri,Quezon City,12903,37.8,280,0.70503,9097,14.716799,121.028477,g0703
PH1381300137,Sangandaan,Quezon City,21061,12.4,950,0.18131,3819,14.674641,121.020411,g0602
PH1381300138,Payatas,Quezon City,139740,21.6,700,0.102883,14377,14.711526,121.100651,g0704
PH1381300139,Batasan Hills,Quezon City,166572,63.5,11,0.277063,46151,14.683435,121.098186,g0704
PH1381300140,Holy Spirit,Quezon City,111901,17.4,802,0.089859,10055,14.684883,121.077988,g0704
PH1381300141,Greater Lagro,Quezon City,23569,5.0,1234,0.078573,1852,14.72363,121.063378,g0703
PH1381300142,North Fairview,Quezon City,44408,16.2,842,0.14154,6286,14.712572,121.061125,g0703
PH1381400001,Addition Hills,San Juan,3818,7.2,1136,0.173443,662,14.593746,121.038059,g0503
PH1381400002,Balong-Bato,San Juan,7203,16.3,838,0.332855,2398,14.608727,121.025596,g0503
PH1381400003,Batis,San Juan,9453,30.4,526,0.608007,5747,14.600071,121.025331,g0503
PH1381400004,Corazon De Jesus,San Juan,7875,0.9,1457,0.0189,149,14.606223,121.030863,g0503
PH1381400005,Ermitaño,San Juan,6361,15.0,865,0.338346,2152,14.611406,121.030015,g0503
PH1381400006,Halo-halo,San Juan,2135,1.0,1449,0.025871,55,14.603148,121.032389,g0503
PH1381400007,Isabelita,San Juan,1556,0.0,1547,0.0,0,14.602837,121.030952,g0503
PH1381400008,Kabayanan,San Juan,5601,19.2,757,0.412184,2309,14.597037,121.029833,g0503
PH1381400009,Little Baguio,San Juan,6275,7.6,1120,0.171735,1078,14.601767,121.037607,g0503
PH1381400010,Maytunas,San Juan,2775,9.9,1039,0.245235,681,14.59485,121.034302,g0503
PH1381400011,Onse,San Juan,3736,2.4,1372,0.059025,221,14.600957,121.032043,g0503
PH1381400012,Pasadeña,San Juan,4417,8.6,1069,0.203745,900,14.608125,121.033914,g0503
PH1381400013,Pedro Cruz,San Juan,4135,4.1,1278,0.097848,405,14.605266,121.025949,g0503
PH1381400014,Progreso,San Juan,1669,41.0,65,0.990381,1653,14.603391,121.020533,g0502
PH1381400015,Rivera,San Juan,2381,25.3,618,0.635299,1513,14.605611,121.022029,g0502
PH1381400016,Salapan,San Juan,8865,37.5,310,0.741956,6577,14.611349,121.024508,g0502
PH1381400017,San Perfecto,San Juan,4618,34.2,448,0.75035,3465,14.603344,121.023056,g0502
PH1381400018,Santa Lucia,San Juan,8092,2.7,1356,0.057962,469,14.598384,121.034603,g0503
PH1381400019,Tibagan,San Juan,3817,1.3,1431,0.03212,123,14.601191,121.029061,g0503
PH1381400020,West Crame,San Juan,16353,1.4,1423,0.024293,397,14.607101,121.049201,g0503
PH1381400021,Greenhills,San Juan,15212,10.2,1027,0.163437,2486,14.60255,121.046573,g0503
PH1381500001,Tanyag,Taguig,23719,2.9,1345,0.045655,1083,14.476689,121.048932,g0303
PH1381500002,Bagumbayan,Taguig,49319,8.2,1084,0.086811,4281,14.477025,121.055569,g0303
PH1381500003,Bambang,Taguig,13949,16.9,818,0.317783,4433,14.524412,121.068524,g0303
PH1381500004,Calzada,Taguig,28660,20.1,737,0.28708,8228,14.528452,121.085026,g0404
PH1381500005,Hagonoy,Taguig,21693,16.5,833,0.245539,5326,14.511024,121.074157,g0303
PH1381500006,Ibayo-Tipas,Taguig,25808,8.6,1069,0.128625,3320,14.542367,121.085925,g0404
PH1381500007,Ligid-Tipas,Taguig,10361,14.8,869,0.301173,3120,14.543029,121.078691,g0404
PH1381500008,Lower Bicutan,Taguig,60376,10.1,1032,0.08337,5034,14.489795,121.058853,g0303
PH1381500009,Maharlika Village,Taguig,23470,21.5,703,0.316192,7421,14.498177,121.055765,g0303
PH1381500010,Napindan,Taguig,24437,12.2,964,0.18679,4565,14.53537,121.095742,g0404
PH1381500011,Palingon,Taguig,16119,21.1,711,0.379205,6112,14.53419,121.084853,g0404
PH1381500012,Santa Ana,Taguig,22581,17.6,792,0.258938,5847,14.520819,121.083584,g0304
PH1381500013,Central Signal Village,Taguig,44126,11.5,989,0.116662,5148,14.510902,121.054755,g0303
PH1381500014,Tuktukan,Taguig,11614,22.1,689,0.438201,5089,14.529702,121.071408,g0403
PH1381500015,Upper Bicutan,Taguig,44592,6.4,1167,0.071936,3208,14.498386,121.049775,g0303
PH1381500016,Ususan,Taguig,53956,49.5,28,0.461606,24906,14.531205,121.06486,g0403
PH1381500017,Wawa,Taguig,14350,16.0,847,0.298794,4288,14.517825,121.078891,g0304
PH1381500018,Western Bicutan,Taguig,87508,18.8,762,0.136161,11915,14.518128,121.040036,g0303
PH1381500019,Central Bicutan,Taguig,33851,4.9,1242,0.048715,1649,14.491453,121.052008,g0303
PH1381500020,Fort Bonifacio,Taguig,11912,17.2,807,0.240741,2868,14.533376,121.034711,g0403
PH1381500021,Katuparan,Taguig,27228,2.2,1382,0.031949,870,14.518753,121.060545,g0303
PH1381500022,New Lower Bicutan,Taguig,55928,20.0,742,0.184414,10314,14.503807,121.063531,g0303
PH1381500023,North Daang Hari,Taguig,13673,1.6,1413,0.031249,427,14.484504,121.047394,g0303
PH1381500024,North Signal Village,Taguig,34634,11.4,996,0.132,4572,14.516753,121.057599,g0303
PH1381500025,Pinagsama,Taguig,56835,28.8,552,0.220671,12542,14.526994,121.052038,g0403
PH1381500026,San Miguel,Taguig,10528,17.0,815,0.345668,3639,14.518785,121.068534,g0303
PH1381500027,South Daang Hari,Taguig,22448,2.0,1393,0.031748,713,14.469427,121.048858,g0203
PH1381500028,South Signal Village,Taguig,43047,5.9,1196,0.053234,2292,14.504646,121.056444,g0303
PH1381500029,Cembo,Taguig,25049,12.8,935,0.194509,4872,14.565189,121.050954,g0403
PH1381500030,Comembo,Taguig,15805,8.3,1081,0.149881,2369,14.547723,121.064265,g0403
PH1381500031,East Rembo,Taguig,26448,2.8,1349,0.041774,1105,14.553772,121.06225,g0403
PH1381500032,Pembo,Taguig,44506,8.4,1075,0.095179,4236,14.544765,121.058348,g0403
PH1381500033,Pitogo,Taguig,14654,8.0,1103,0.148374,2174,14.556807,121.044646,g0403
PH1381500034,Post Proper Northside,Taguig,57940,11.7,982,0.076601,4438,14.552874,121.051931,g0403
PH1381500035,Post Proper Southside,Taguig,63308,4.6,1253,0.042154,2669,14.541153,121.049678,g0403
PH1381500036,Rizal,Taguig,44536,56.7,20,0.641635,28576,14.537086,121.061645,g0403
PH1381500037,South Cembo,Taguig,14978,12.1,967,0.178056,2667,14.559114,121.050239,g0403
PH1381500038,West Rembo,Taguig,29649,12.1,967,0.169596,5028,14.560903,121.060379,g0403
PH1381600001,Arkong Bato,Valenzuela,11358,14.2,888,0.282268,3206,14.698238,120.951991,g0701
PH1381600002,Bagbaguin,Valenzuela,15195,7.4,1127,0.135371,2057,14.71623,121.002457,g0702
PH1381600003,Balangkas,Valenzuela,14318,13.8,903,0.256959,3679,14.717374,120.937631,g0701
PH1381600004,Parada,Valenzuela,21001,13.8,903,0.225959,4745,14.696809,120.990716,g0702
PH1381600005,Bignay,Valenzuela,49716,27.3,577,0.289233,14380,14.747275,120.995987,g0802
PH1381600006,Bisig,Valenzuela,1432,15.4,862,0.397616,569,14.713218,120.946107,g0701
PH1381600007,Canumay West,Valenzuela,26901,14.1,894,0.20782,5591,14.710989,120.98375,g0702
PH1381600008,Karuhatan,Valenzuela,41275,5.5,1209,0.065294,2695,14.688484,120.975599,g0702
PH1381600009,Coloong,Valenzuela,12550,39.8,101,0.749088,9401,14.726812,120.944165,g0801
PH1381600010,Dalandanan,Valenzuela,23640,6.7,1157,0.104647,2474,14.704871,120.960504,g0701
PH1381600011,Gen. T. De Leon,Valenzuela,95809,14.6,874,0.098673,9454,14.68744,120.993237,g0702
PH1381600012,Isla,Valenzuela,5160,23.6,655,0.548556,2831,14.703424,120.952262,g0701
PH1381600013,Lawang Bato,Valenzuela,23786,13.0,925,0.201416,4791,14.729849,120.993637,g0802
PH1381600014,Lingunan,Valenzuela,24088,23.2,668,0.357173,8604,14.718647,120.977054,g0702
PH1381600015,Mabolo,Valenzuela,831,6.7,1157,0.176498,147,14.711263,120.948463,g0701
PH1381600016,Malanday,Valenzuela,19060,37.9,266,0.641413,12225,14.72012,120.954418,g0701
PH1381600017,Malinta,Valenzuela,52107,28.6,555,0.281564,14671,14.689681,120.965611,g0701
PH1381600018,Mapulang Lupa,Valenzuela,30360,10.2,1027,0.141367,4292,14.702999,121.003505,g0702
PH1381600019,Marulas,Valenzuela,59339,39.8,101,0.341691,20276,14.676522,120.984346,g0702
PH1381600020,Maysan,Valenzuela,23081,25.1,621,0.375295,8662,14.700777,120.976337,g0702
PH1381600021,Palasan,Valenzuela,6598,8.1,1096,0.181984,1201,14.70398,120.947321,g0701
PH1381600022,Pariancillo Villa,Valenzuela,1949,6.6,1163,0.167811,327,14.707618,120.943934,g0701
PH1381600023,Paso De Blas,Valenzuela,12530,16.7,825,0.276529,3465,14.706536,120.994281,g0702
PH1381600024,Pasolo,Valenzuela,8150,16.7,825,0.333006,2714,14.707458,120.953167,g0701
PH1381600025,Poblacion,Valenzuela,221,3.9,1292,0.103711,23,14.708792,120.946217,g0701
PH1381600026,Pulo,Valenzuela,1126,13.4,916,0.35057,395,14.707214,120.947592,g0701
PH1381600027,Punturin,Valenzuela,24437,11.7,982,0.160289,3917,14.737855,120.988037,g0802
PH1381600028,Rincon,Valenzuela,6940,11.8,976,0.261574,1815,14.697749,120.958519,g0701
PH1381600029,Tagalag,Valenzuela,3400,31.2,509,0.761599,2589,14.724396,120.938415,g0701
PH1381600030,Ugong,Valenzuela,55494,17.5,798,0.173263,9615,14.696131,121.013056,g0702
PH1381600031,Viente Reales,Valenzuela,24399,30.9,515,0.454805,11097,14.713134,120.967283,g0701
PH1381600032,Wawang Pulo,Valenzuela,4070,17.9,784,0.42954,1748,14.731606,120.929463,g0801
PH1381600033,Canumay East,Valenzuela,14657,4.8,1244,0.088534,1298,14.718093,120.99263,g0702
PH1381701001,Aguho,Pateros,7322,12.6,940,0.250195,1832,14.542777,121.064043,g0403
PH1381701002,Magtanggol,Pateros,1388,2.9,1345,0.074307,103,14.548272,121.071345,g0403
PH1381701003,Martires Del 96,Pateros,5027,16.8,821,0.392956,1975,14.539616,121.066751,g0403
PH1381701004,Poblacion,Pateros,2000,10.1,1032,0.225998,452,14.544716,121.066714,g0403
PH1381701005,San Pedro,Pateros,2218,8.2,1084,0.175697,390,14.54694,121.067388,g0403
PH1381701006,San Roque,Pateros,4749,6.7,1157,0.158155,751,14.541218,121.069696,g0403
PH1381701007,Santa Ana,Pateros,29680,20.6,729,0.271519,8059,14.544498,121.072075,g0403
PH1381701008,Santo Rosario-Kanluran,Pateros,5345,6.0,1190,0.138431,740,14.551461,121.068087,g0403
PH1381701009,Santo Rosario-Silangan,Pateros,4693,4.7,1248,0.110451,518,14.549816,121.072367,g0403
PH1381701010,Tabacalera,Pateros,2805,2.3,1377,0.058002,163,14.549635,121.068252,g0403
